city,neighborhood,occasion,rank,name,primaryType,rating,reviewCount,priceLevel,distanceKm,videoCount,score,socialBuzz,quality,proximity,occasionFit,recency
Bangalore,Koramangala,date_night,1,Dyu Art Cafe,cafe,4.4,20752,PRICE_LEVEL_MODERATE,0.78,5,79.3,100,75.6,84.4,30,70
Bangalore,Koramangala,date_night,2,The Bier Library,brewpub,4.4,22440,PRICE_LEVEL_EXPENSIVE,0.48,5,77.2,100,75.7,90.4,30,40
Bangalore,Koramangala,date_night,3,PHURR | Jayanagar,fine_dining_restaurant,4.7,16734,,4.49,5,73.5,100,87.2,10.2,70,40
Bangalore,Koramangala,date_night,4,Truffles Koramangala,restaurant,4.5,50781,PRICE_LEVEL_MODERATE,1.12,4,71.1,80,79.8,77.6,30,70
Bangalore,Koramangala,date_night,5,Bastian Garden City,seafood_restaurant,3.8,1877,PRICE_LEVEL_VERY_EXPENSIVE,4.65,5,70.8,100,53.7,7,100,40
Bangalore,Koramangala,date_night,6,Pizza 4P's Indiranagar,italian_restaurant,4.8,10655,PRICE_LEVEL_EXPENSIVE,4.08,5,69.4,100,90.6,18.4,30,40
Bangalore,Koramangala,date_night,7,Nahdi Mandi Restaurant Bangalore,restaurant,4.4,7914,PRICE_LEVEL_MODERATE,1.67,4,65.5,80,75,66.7,30,40
Bangalore,Koramangala,date_night,8,Bob's Bar,bar,4.2,20284,PRICE_LEVEL_MODERATE,3.98,5,65.1,100,67.8,20.3,30,40
Bangalore,Koramangala,date_night,9,Savoury Business Hotel,hotel,4.1,13575,,1.31,2,43.9,40,63.9,73.9,0,40
Bangalore,Koramangala,date_night,10,URU Brewpark,brewpub,4.3,24339,PRICE_LEVEL_EXPENSIVE,4.13,1,33.5,20,71.8,17.3,30,40
Bangalore,Koramangala,date_night,11,Taaza Thindi,south_indian_restaurant,4.6,36778,PRICE_LEVEL_INEXPENSIVE,3.65,0,20.8,0,83.7,26.9,0,0
Bangalore,Koramangala,date_night,12,Meghana Foods,south_indian_restaurant,4.3,35105,PRICE_LEVEL_MODERATE,4.44,0,20.5,0,71.8,11.2,30,0
Bangalore,Koramangala,date_night,13,Meghana Foods,south_indian_restaurant,4.3,22104,PRICE_LEVEL_MODERATE,4.51,0,20.3,0,71.7,9.9,30,0
Bangalore,Koramangala,date_night,14,The Leela Palace Bengaluru - Garden City's Only Modern Palace Hotel,hotel,4.6,36659,,3.81,0,20.3,0,83.7,23.7,0,0
Bangalore,Koramangala,date_night,15,MTR,vegetarian_restaurant,4.3,39150,PRICE_LEVEL_MODERATE,4.77,0,19.5,0,71.8,4.6,30,0
Bangalore,Koramangala,date_night,16,"The Oberoi, Bengaluru",hotel,4.7,9918,,4.32,0,19.4,0,86.7,13.6,0,0
Bangalore,Koramangala,date_night,17,The Rameshwaram Cafe @ JP Nagar,restaurant,4.1,22850,PRICE_LEVEL_MODERATE,4.87,0,17.7,0,63.9,2.6,30,0
Bangalore,Koramangala,date_night,18,CHIN LUNG BREWERY INDIRANAGAR,brewery,4.3,2382,,4.22,0,16.3,0,69.9,15.7,0,0
Bangalore,Koramangala,date_night,19,Mykos Craft Kitchen & Bar,restaurant,4.5,5518,,4.97,0,15.7,0,78.3,0.5,0,0
Bangalore,Koramangala,date_night,20,The Chancery Pavilion,hotel,4.1,19165,,4.44,0,14.5,0,63.9,11.2,0,0
Bangalore,Koramangala,family,1,Dyu Art Cafe,cafe,4.4,20752,PRICE_LEVEL_MODERATE,0.78,5,89.8,100,75.6,84.4,100,70
Bangalore,Koramangala,family,2,Taaza Thindi,south_indian_restaurant,4.6,36778,PRICE_LEVEL_INEXPENSIVE,3.65,5,82.8,100,83.7,26.9,100,70
Bangalore,Koramangala,family,3,Meghana Foods,south_indian_restaurant,4.3,35105,PRICE_LEVEL_MODERATE,4.44,5,75,100,71.8,11.2,100,40
Bangalore,Koramangala,family,4,Meghana Foods,south_indian_restaurant,4.3,22104,PRICE_LEVEL_MODERATE,4.51,5,74.8,100,71.7,9.9,100,40
Bangalore,Koramangala,family,5,The Bier Library,brewpub,4.4,22440,PRICE_LEVEL_EXPENSIVE,0.48,5,72.7,100,75.7,90.4,0,40
Bangalore,Koramangala,family,6,Truffles Koramangala,restaurant,4.5,50781,PRICE_LEVEL_MODERATE,1.12,4,71.1,80,79.8,77.6,30,70
Bangalore,Koramangala,family,7,Nahdi Mandi Restaurant Bangalore,restaurant,4.4,7914,PRICE_LEVEL_MODERATE,1.67,4,65.5,80,75,66.7,30,40
Bangalore,Koramangala,family,8,Bob's Bar,bar,4.2,20284,PRICE_LEVEL_MODERATE,3.98,5,65.1,100,67.8,20.3,30,40
Bangalore,Koramangala,family,9,Pizza 4P's Indiranagar,italian_restaurant,4.8,10655,PRICE_LEVEL_EXPENSIVE,4.08,5,64.9,100,90.6,18.4,0,40
Bangalore,Koramangala,family,10,Savoury Business Hotel,hotel,4.1,13575,,1.31,2,43.9,40,63.9,73.9,0,40
Bangalore,Koramangala,family,11,The Leela Palace Bengaluru - Garden City's Only Modern Palace Hotel,hotel,4.6,36659,,3.81,0,20.3,0,83.7,23.7,0,0
Bangalore,Koramangala,family,12,MTR,vegetarian_restaurant,4.3,39150,PRICE_LEVEL_MODERATE,4.77,0,19.5,0,71.8,4.6,30,0
Bangalore,Koramangala,family,13,"The Oberoi, Bengaluru",hotel,4.7,9918,,4.32,0,19.4,0,86.7,13.6,0,0
Bangalore,Koramangala,family,14,PHURR | Jayanagar,fine_dining_restaurant,4.7,16734,,4.49,0,19,0,87.2,10.2,0,0
Bangalore,Koramangala,family,15,The Rameshwaram Cafe @ JP Nagar,restaurant,4.1,22850,PRICE_LEVEL_MODERATE,4.87,0,17.7,0,63.9,2.6,30,0
Bangalore,Koramangala,family,16,URU Brewpark,brewpub,4.3,24339,PRICE_LEVEL_EXPENSIVE,4.13,0,17,0,71.8,17.3,0,0
Bangalore,Koramangala,family,17,CHIN LUNG BREWERY INDIRANAGAR,brewery,4.3,2382,,4.22,0,16.3,0,69.9,15.7,0,0
Bangalore,Koramangala,family,18,Mykos Craft Kitchen & Bar,restaurant,4.5,5518,,4.97,0,15.7,0,78.3,0.5,0,0
Bangalore,Koramangala,family,19,The Chancery Pavilion,hotel,4.1,19165,,4.44,0,14.5,0,63.9,11.2,0,0
Bangalore,Koramangala,family,20,Bastian Garden City,seafood_restaurant,3.8,1877,PRICE_LEVEL_VERY_EXPENSIVE,4.65,0,11.8,0,53.7,7,0,0
Bangalore,Koramangala,friends,1,Dyu Art Cafe,cafe,4.4,20752,PRICE_LEVEL_MODERATE,0.78,5,79.3,100,75.6,84.4,30,70
Bangalore,Koramangala,friends,2,The Bier Library,brewpub,4.4,22440,PRICE_LEVEL_EXPENSIVE,0.48,5,77.2,100,75.7,90.4,30,40
Bangalore,Koramangala,friends,3,Bob's Bar,bar,4.2,20284,PRICE_LEVEL_MODERATE,3.98,5,75.6,100,67.8,20.3,100,40
Bangalore,Koramangala,friends,4,Truffles Koramangala,restaurant,4.5,50781,PRICE_LEVEL_MODERATE,1.12,4,71.1,80,79.8,77.6,30,70
Bangalore,Koramangala,friends,5,Pizza 4P's Indiranagar,italian_restaurant,4.8,10655,PRICE_LEVEL_EXPENSIVE,4.08,5,69.4,100,90.6,18.4,30,40
Bangalore,Koramangala,friends,6,Taaza Thindi,south_indian_restaurant,4.6,36778,PRICE_LEVEL_INEXPENSIVE,3.65,5,67.8,100,83.7,26.9,0,70
Bangalore,Koramangala,friends,7,Nahdi Mandi Restaurant Bangalore,restaurant,4.4,7914,PRICE_LEVEL_MODERATE,1.67,4,65.5,80,75,66.7,30,40
Bangalore,Koramangala,friends,8,CHIN LUNG BREWERY INDIRANAGAR,brewery,4.3,2382,,4.22,3,54.8,60,69.9,15.7,70,40
Bangalore,Koramangala,friends,9,Savoury Business Hotel,hotel,4.1,13575,,1.31,2,43.9,40,63.9,73.9,0,40
Bangalore,Koramangala,friends,10,URU Brewpark,brewpub,4.3,24339,PRICE_LEVEL_EXPENSIVE,4.13,1,33.5,20,71.8,17.3,30,40
Bangalore,Koramangala,friends,11,Meghana Foods,south_indian_restaurant,4.3,35105,PRICE_LEVEL_MODERATE,4.44,0,20.5,0,71.8,11.2,30,0
Bangalore,Koramangala,friends,12,Meghana Foods,south_indian_restaurant,4.3,22104,PRICE_LEVEL_MODERATE,4.51,0,20.3,0,71.7,9.9,30,0
Bangalore,Koramangala,friends,13,The Leela Palace Bengaluru - Garden City's Only Modern Palace Hotel,hotel,4.6,36659,,3.81,0,20.3,0,83.7,23.7,0,0
Bangalore,Koramangala,friends,14,MTR,vegetarian_restaurant,4.3,39150,PRICE_LEVEL_MODERATE,4.77,0,19.5,0,71.8,4.6,30,0
Bangalore,Koramangala,friends,15,"The Oberoi, Bengaluru",hotel,4.7,9918,,4.32,0,19.4,0,86.7,13.6,0,0
Bangalore,Koramangala,friends,16,PHURR | Jayanagar,fine_dining_restaurant,4.7,16734,,4.49,0,19,0,87.2,10.2,0,0
Bangalore,Koramangala,friends,17,The Rameshwaram Cafe @ JP Nagar,restaurant,4.1,22850,PRICE_LEVEL_MODERATE,4.87,0,17.7,0,63.9,2.6,30,0
Bangalore,Koramangala,friends,18,Mykos Craft Kitchen & Bar,restaurant,4.5,5518,,4.97,0,15.7,0,78.3,0.5,0,0
Bangalore,Koramangala,friends,19,The Chancery Pavilion,hotel,4.1,19165,,4.44,0,14.5,0,63.9,11.2,0,0
Bangalore,Koramangala,friends,20,Bastian Garden City,seafood_restaurant,3.8,1877,PRICE_LEVEL_VERY_EXPENSIVE,4.65,0,11.8,0,53.7,7,0,0
Bangalore,Indiranagar,date_night,1,The Rameshwaram Cafe - Indiranagar,south_indian_restaurant,4.3,19863,PRICE_LEVEL_MODERATE,0.36,5,82.7,100,71.7,92.7,30,100
Bangalore,Indiranagar,date_night,2,Toit,brewpub,4.5,61415,PRICE_LEVEL_EXPENSIVE,0.13,5,82.1,100,79.8,97.4,30,70
Bangalore,Indiranagar,date_night,3,Pizza 4P's Indiranagar,italian_restaurant,4.8,10655,PRICE_LEVEL_EXPENSIVE,1.05,5,78.5,100,90.6,79,30,40
Bangalore,Indiranagar,date_night,4,Magnolia Bakery,bakery,4.3,8337,PRICE_LEVEL_VERY_EXPENSIVE,0.93,5,78,100,71.3,81.5,30,70
Bangalore,Indiranagar,date_night,5,Bob's Bar,bar,4.2,20284,PRICE_LEVEL_MODERATE,1.25,5,73.3,100,67.8,74.9,30,40
Bangalore,Indiranagar,date_night,6,Meghana Foods Indira Nagar,indian_restaurant,4.3,21593,PRICE_LEVEL_MODERATE,0.32,4,71.9,80,71.7,93.6,30,70
Bangalore,Indiranagar,date_night,7,Bastian Garden City,seafood_restaurant,3.8,1877,PRICE_LEVEL_VERY_EXPENSIVE,4.50,5,71.2,100,53.7,10,100,40
Bangalore,Indiranagar,date_night,8,Truffles - Indiranagar,american_restaurant,4.5,20598,PRICE_LEVEL_MODERATE,0.26,2,60.6,40,79.5,94.8,30,100
Bangalore,Indiranagar,date_night,9,The Leela Palace Bengaluru - Garden City's Only Modern Palace Hotel,hotel,4.6,36659,,2.17,3,56.2,60,83.7,56.6,0,70
Bangalore,Indiranagar,date_night,10,CHIN LUNG BREWERY INDIRANAGAR,brewery,4.3,2382,,1.02,3,53.9,60,69.9,79.6,0,40
Bangalore,Indiranagar,date_night,11,"The Oberoi, Bengaluru",hotel,4.7,9918,,2.48,0,24.9,0,86.7,50.3,0,0
Bangalore,Indiranagar,date_night,12,Meghana Foods,south_indian_restaurant,4.3,22104,PRICE_LEVEL_MODERATE,3.47,0,23.4,0,71.7,30.5,30,0
Bangalore,Indiranagar,date_night,13,Nagarjuna Restaurant - Residency Road,south_indian_restaurant,4.2,22224,PRICE_LEVEL_MODERATE,3.48,0,22.6,0,67.8,30.4,30,0
Bangalore,Indiranagar,date_night,14,Amintiri - Cafe | Patisserie | Gifting,cafe,4.4,6745,PRICE_LEVEL_EXPENSIVE,4.10,0,22.2,0,74.9,18,30,0
Bangalore,Indiranagar,date_night,15,PARAGON RESTAURANT,south_indian_restaurant,4.4,6187,PRICE_LEVEL_EXPENSIVE,4.16,0,22,0,74.8,16.7,30,0
Bangalore,Indiranagar,date_night,16,The Bier Library,brewpub,4.4,22440,PRICE_LEVEL_EXPENSIVE,4.64,0,20.7,0,75.7,7.2,30,0
Bangalore,Indiranagar,date_night,17,Al Amanah cafe and Restaurant,middle_eastern_restaurant,4.2,24171,PRICE_LEVEL_MODERATE,4.13,0,20.7,0,67.8,17.4,30,0
Bangalore,Indiranagar,date_night,18,Gopalan Signature Mall,shopping_mall,4.1,45192,,2.79,0,19.4,0,64,44.1,0,0
Bangalore,Indiranagar,date_night,19,Gopalan Grand Mall,shopping_mall,4.1,23300,,3.01,0,18.8,0,63.9,39.8,0,0
Bangalore,Indiranagar,date_night,20,The Chancery Pavilion,hotel,4.1,19165,,4.78,0,13.4,0,63.9,4.4,0,0
Bangalore,Indiranagar,family,1,The Rameshwaram Cafe - Indiranagar,south_indian_restaurant,4.3,19863,PRICE_LEVEL_MODERATE,0.36,5,93.2,100,71.7,92.7,100,100
Bangalore,Indiranagar,family,2,Meghana Foods Indira Nagar,indian_restaurant,4.3,21593,PRICE_LEVEL_MODERATE,0.32,4,82.4,80,71.7,93.6,100,70
Bangalore,Indiranagar,family,3,Meghana Foods,south_indian_restaurant,4.3,22104,PRICE_LEVEL_MODERATE,3.47,5,77.9,100,71.7,30.5,100,40
Bangalore,Indiranagar,family,4,Toit,brewpub,4.5,61415,PRICE_LEVEL_EXPENSIVE,0.13,5,77.6,100,79.8,97.4,0,70
Bangalore,Indiranagar,family,5,Nagarjuna Restaurant - Residency Road,south_indian_restaurant,4.2,22224,PRICE_LEVEL_MODERATE,3.48,5,77.1,100,67.8,30.4,100,40
Bangalore,Indiranagar,family,6,PARAGON RESTAURANT,south_indian_restaurant,4.4,6187,PRICE_LEVEL_EXPENSIVE,4.16,5,75,100,74.8,16.7,70,70
Bangalore,Indiranagar,family,7,Pizza 4P's Indiranagar,italian_restaurant,4.8,10655,PRICE_LEVEL_EXPENSIVE,1.05,5,74,100,90.6,79,0,40
Bangalore,Indiranagar,family,8,Bob's Bar,bar,4.2,20284,PRICE_LEVEL_MODERATE,1.25,5,73.3,100,67.8,74.9,30,40
Bangalore,Indiranagar,family,9,Truffles - Indiranagar,american_restaurant,4.5,20598,PRICE_LEVEL_MODERATE,0.26,2,60.6,40,79.5,94.8,30,100
Bangalore,Indiranagar,family,10,Amintiri - Cafe | Patisserie | Gifting,cafe,4.4,6745,PRICE_LEVEL_EXPENSIVE,4.10,3,59.2,60,74.9,18,70,70
Bangalore,Indiranagar,family,11,Magnolia Bakery,bakery,4.3,8337,PRICE_LEVEL_VERY_EXPENSIVE,0.93,0,26.5,0,71.3,81.5,0,0
Bangalore,Indiranagar,family,12,CHIN LUNG BREWERY INDIRANAGAR,brewery,4.3,2382,,1.02,0,25.9,0,69.9,79.6,0,0
Bangalore,Indiranagar,family,13,The Leela Palace Bengaluru - Garden City's Only Modern Palace Hotel,hotel,4.6,36659,,2.17,0,25.2,0,83.7,56.6,0,0
Bangalore,Indiranagar,family,14,"The Oberoi, Bengaluru",hotel,4.7,9918,,2.48,0,24.9,0,86.7,50.3,0,0
Bangalore,Indiranagar,family,15,Al Amanah cafe and Restaurant,middle_eastern_restaurant,4.2,24171,PRICE_LEVEL_MODERATE,4.13,0,20.7,0,67.8,17.4,30,0
Bangalore,Indiranagar,family,16,Gopalan Signature Mall,shopping_mall,4.1,45192,,2.79,0,19.4,0,64,44.1,0,0
Bangalore,Indiranagar,family,17,Gopalan Grand Mall,shopping_mall,4.1,23300,,3.01,0,18.8,0,63.9,39.8,0,0
Bangalore,Indiranagar,family,18,The Bier Library,brewpub,4.4,22440,PRICE_LEVEL_EXPENSIVE,4.64,0,16.2,0,75.7,7.2,0,0
Bangalore,Indiranagar,family,19,The Chancery Pavilion,hotel,4.1,19165,,4.78,0,13.4,0,63.9,4.4,0,0
Bangalore,Indiranagar,family,20,Bastian Garden City,seafood_restaurant,3.8,1877,PRICE_LEVEL_VERY_EXPENSIVE,4.50,0,12.2,0,53.7,10,0,0
Bangalore,Indiranagar,friends,1,Bob's Bar,bar,4.2,20284,PRICE_LEVEL_MODERATE,1.25,5,83.8,100,67.8,74.9,100,40
Bangalore,Indiranagar,friends,2,The Rameshwaram Cafe - Indiranagar,south_indian_restaurant,4.3,19863,PRICE_LEVEL_MODERATE,0.36,5,82.7,100,71.7,92.7,30,100
Bangalore,Indiranagar,friends,3,Toit,brewpub,4.5,61415,PRICE_LEVEL_EXPENSIVE,0.13,5,82.1,100,79.8,97.4,30,70
Bangalore,Indiranagar,friends,4,Pizza 4P's Indiranagar,italian_restaurant,4.8,10655,PRICE_LEVEL_EXPENSIVE,1.05,5,78.5,100,90.6,79,30,40
Bangalore,Indiranagar,friends,5,Magnolia Bakery,bakery,4.3,8337,PRICE_LEVEL_VERY_EXPENSIVE,0.93,5,73.5,100,71.3,81.5,0,70
Bangalore,Indiranagar,friends,6,Meghana Foods Indira Nagar,indian_restaurant,4.3,21593,PRICE_LEVEL_MODERATE,0.32,4,71.9,80,71.7,93.6,30,70
Bangalore,Indiranagar,friends,7,Truffles - Indiranagar,american_restaurant,4.5,20598,PRICE_LEVEL_MODERATE,0.26,2,71.1,40,79.5,94.8,100,100
Bangalore,Indiranagar,friends,8,CHIN LUNG BREWERY INDIRANAGAR,brewery,4.3,2382,,1.02,3,64.4,60,69.9,79.6,70,40
Bangalore,Indiranagar,friends,9,The Leela Palace Bengaluru - Garden City's Only Modern Palace Hotel,hotel,4.6,36659,,2.17,3,56.2,60,83.7,56.6,0,70
Bangalore,Indiranagar,friends,10,"The Oberoi, Bengaluru",hotel,4.7,9918,,2.48,3,52.9,60,86.7,50.3,0,40
Bangalore,Indiranagar,friends,11,Meghana Foods,south_indian_restaurant,4.3,22104,PRICE_LEVEL_MODERATE,3.47,0,23.4,0,71.7,30.5,30,0
Bangalore,Indiranagar,friends,12,Nagarjuna Restaurant - Residency Road,south_indian_restaurant,4.2,22224,PRICE_LEVEL_MODERATE,3.48,0,22.6,0,67.8,30.4,30,0
Bangalore,Indiranagar,friends,13,Amintiri - Cafe | Patisserie | Gifting,cafe,4.4,6745,PRICE_LEVEL_EXPENSIVE,4.10,0,22.2,0,74.9,18,30,0
Bangalore,Indiranagar,friends,14,PARAGON RESTAURANT,south_indian_restaurant,4.4,6187,PRICE_LEVEL_EXPENSIVE,4.16,0,22,0,74.8,16.7,30,0
Bangalore,Indiranagar,friends,15,The Bier Library,brewpub,4.4,22440,PRICE_LEVEL_EXPENSIVE,4.64,0,20.7,0,75.7,7.2,30,0
Bangalore,Indiranagar,friends,16,Al Amanah cafe and Restaurant,middle_eastern_restaurant,4.2,24171,PRICE_LEVEL_MODERATE,4.13,0,20.7,0,67.8,17.4,30,0
Bangalore,Indiranagar,friends,17,Gopalan Signature Mall,shopping_mall,4.1,45192,,2.79,0,19.4,0,64,44.1,0,0
Bangalore,Indiranagar,friends,18,Gopalan Grand Mall,shopping_mall,4.1,23300,,3.01,0,18.8,0,63.9,39.8,0,0
Bangalore,Indiranagar,friends,19,The Chancery Pavilion,hotel,4.1,19165,,4.78,0,13.4,0,63.9,4.4,0,0
Bangalore,Indiranagar,friends,20,Bastian Garden City,seafood_restaurant,3.8,1877,PRICE_LEVEL_VERY_EXPENSIVE,4.50,0,12.2,0,53.7,10,0,0
Bangalore,HSR Layout,date_night,1,HSR High Street 2.0,food_court,4.1,10568,PRICE_LEVEL_MODERATE,0.43,5,78,100,63.8,91.4,30,70
Bangalore,HSR Layout,date_night,2,Roxie,fine_dining_restaurant,4.4,8339,,2.95,5,75.7,100,75.1,41,70,40
Bangalore,HSR Layout,date_night,3,The Hole In The Wall Cafe,cafe,4.3,20698,PRICE_LEVEL_MODERATE,2.95,5,75,100,71.7,41.1,30,100
Bangalore,HSR Layout,date_night,4,Atlantis Brewery,restaurant,4.4,3293,,1.38,5,72.6,100,73.9,72.4,0,70
Bangalore,HSR Layout,date_night,5,Asha Tiffins,vegetarian_restaurant,4.4,17821,PRICE_LEVEL_INEXPENSIVE,0.68,5,72.1,100,75.6,86.4,0,40
Bangalore,HSR Layout,date_night,6,Bistro Claytopia,cafe,4.2,8130,PRICE_LEVEL_MODERATE,1.67,5,72,100,67.5,66.6,30,40
Bangalore,HSR Layout,date_night,7,"Babai Tiffins, HSR Layout",vegetarian_restaurant,4.4,3847,,0.98,5,70.9,100,74.2,80.4,0,40
Bangalore,HSR Layout,date_night,8,Olive Street Food Cafe - Btm Layout,cafe,4.6,11257,PRICE_LEVEL_MODERATE,3.09,5,70.8,100,83,38.1,30,40
Bangalore,HSR Layout,date_night,9,Nahdi Mandi Restaurant Bangalore,restaurant,4.4,7914,PRICE_LEVEL_MODERATE,2.27,4,63.7,80,75,54.5,30,40
Bangalore,HSR Layout,date_night,10,Truffles Koramangala,restaurant,4.5,50781,PRICE_LEVEL_MODERATE,3.61,4,63.6,80,79.8,27.8,30,70
Bangalore,HSR Layout,date_night,11,The Bier Library,brewpub,4.4,22440,PRICE_LEVEL_EXPENSIVE,3.37,0,24.5,0,75.7,32.6,30,0
Bangalore,HSR Layout,date_night,12,Drunken Daddy,pub,4.4,10664,PRICE_LEVEL_MODERATE,3.53,0,24,0,75.3,29.4,30,0
Bangalore,HSR Layout,date_night,13,Dyu Art Cafe,cafe,4.4,20752,PRICE_LEVEL_MODERATE,3.68,0,23.6,0,75.6,26.4,30,0
Bangalore,HSR Layout,date_night,14,URU Brewpark,brewpub,4.3,24339,PRICE_LEVEL_EXPENSIVE,4.14,0,21.4,0,71.8,17.2,30,0
Bangalore,HSR Layout,date_night,15,Hotel Greenpark Bengaluru,hotel,4.8,3613,,4.13,0,20.2,0,88.1,17.3,0,0
Bangalore,HSR Layout,date_night,16,Macaw By Stories,pub,4.3,4590,,3.08,0,19.9,0,70.8,38.4,0,0
Bangalore,HSR Layout,date_night,17,Byg Brewski Brewing Company,brewpub,4.3,45641,PRICE_LEVEL_EXPENSIVE,4.79,0,19.5,0,71.9,4.2,30,0
Bangalore,HSR Layout,date_night,18,Savoury Business Hotel,hotel,4.1,13575,,2.87,0,19.2,0,63.9,42.7,0,0
Bangalore,HSR Layout,date_night,19,Mykos Craft Kitchen & Bar,restaurant,4.5,5518,,4.53,0,17.1,0,78.3,9.4,0,0
Bangalore,HSR Layout,date_night,20,The Bay at Ecoworld,restaurant,4.4,3862,,4.95,0,15,0,74.2,1,0,0
Bangalore,HSR Layout,family,1,The Hole In The Wall Cafe,cafe,4.3,20698,PRICE_LEVEL_MODERATE,2.95,5,85.5,100,71.7,41.1,100,100
Bangalore,HSR Layout,family,2,Bistro Claytopia,cafe,4.2,8130,PRICE_LEVEL_MODERATE,1.67,5,82.5,100,67.5,66.6,100,40
Bangalore,HSR Layout,family,3,Olive Street Food Cafe - Btm Layout,cafe,4.6,11257,PRICE_LEVEL_MODERATE,3.09,5,81.3,100,83,38.1,100,40
Bangalore,HSR Layout,family,4,Dyu Art Cafe,cafe,4.4,20752,PRICE_LEVEL_MODERATE,3.68,5,81.1,100,75.6,26.4,100,70
Bangalore,HSR Layout,family,5,HSR High Street 2.0,food_court,4.1,10568,PRICE_LEVEL_MODERATE,0.43,5,78,100,63.8,91.4,30,70
Bangalore,HSR Layout,family,6,Asha Tiffins,vegetarian_restaurant,4.4,17821,PRICE_LEVEL_INEXPENSIVE,0.68,5,76.6,100,75.6,86.4,30,40
Bangalore,HSR Layout,family,7,Atlantis Brewery,restaurant,4.4,3293,,1.38,5,72.6,100,73.9,72.4,0,70
Bangalore,HSR Layout,family,8,"Babai Tiffins, HSR Layout",vegetarian_restaurant,4.4,3847,,0.98,5,70.9,100,74.2,80.4,0,40
Bangalore,HSR Layout,family,9,Nahdi Mandi Restaurant Bangalore,restaurant,4.4,7914,PRICE_LEVEL_MODERATE,2.27,4,63.7,80,75,54.5,30,40
Bangalore,HSR Layout,family,10,Truffles Koramangala,restaurant,4.5,50781,PRICE_LEVEL_MODERATE,3.61,4,63.6,80,79.8,27.8,30,70
Bangalore,HSR Layout,family,11,Drunken Daddy,pub,4.4,10664,PRICE_LEVEL_MODERATE,3.53,0,24,0,75.3,29.4,30,0
Bangalore,HSR Layout,family,12,Roxie,fine_dining_restaurant,4.4,8339,,2.95,0,21.2,0,75.1,41,0,0
Bangalore,HSR Layout,family,13,Hotel Greenpark Bengaluru,hotel,4.8,3613,,4.13,0,20.2,0,88.1,17.3,0,0
Bangalore,HSR Layout,family,14,The Bier Library,brewpub,4.4,22440,PRICE_LEVEL_EXPENSIVE,3.37,0,20,0,75.7,32.6,0,0
Bangalore,HSR Layout,family,15,Macaw By Stories,pub,4.3,4590,,3.08,0,19.9,0,70.8,38.4,0,0
Bangalore,HSR Layout,family,16,Savoury Business Hotel,hotel,4.1,13575,,2.87,0,19.2,0,63.9,42.7,0,0
Bangalore,HSR Layout,family,17,Mykos Craft Kitchen & Bar,restaurant,4.5,5518,,4.53,0,17.1,0,78.3,9.4,0,0
Bangalore,HSR Layout,family,18,URU Brewpark,brewpub,4.3,24339,PRICE_LEVEL_EXPENSIVE,4.14,0,16.9,0,71.8,17.2,0,0
Bangalore,HSR Layout,family,19,Byg Brewski Brewing Company,brewpub,4.3,45641,PRICE_LEVEL_EXPENSIVE,4.79,0,15,0,71.9,4.2,0,0
Bangalore,HSR Layout,family,20,The Bay at Ecoworld,restaurant,4.4,3862,,4.95,0,15,0,74.2,1,0,0
Bangalore,HSR Layout,friends,1,HSR High Street 2.0,food_court,4.1,10568,PRICE_LEVEL_MODERATE,0.43,5,78,100,63.8,91.4,30,70
Bangalore,HSR Layout,friends,2,Macaw By Stories,pub,4.3,4590,,3.08,5,77.4,100,70.8,38.4,70,70
Bangalore,HSR Layout,friends,3,The Hole In The Wall Cafe,cafe,4.3,20698,PRICE_LEVEL_MODERATE,2.95,5,75,100,71.7,41.1,30,100
Bangalore,HSR Layout,friends,4,Atlantis Brewery,restaurant,4.4,3293,,1.38,5,72.6,100,73.9,72.4,0,70
Bangalore,HSR Layout,friends,5,Asha Tiffins,vegetarian_restaurant,4.4,17821,PRICE_LEVEL_INEXPENSIVE,0.68,5,72.1,100,75.6,86.4,0,40
Bangalore,HSR Layout,friends,6,Bistro Claytopia,cafe,4.2,8130,PRICE_LEVEL_MODERATE,1.67,5,72,100,67.5,66.6,30,40
Bangalore,HSR Layout,friends,7,"Babai Tiffins, HSR Layout",vegetarian_restaurant,4.4,3847,,0.98,5,70.9,100,74.2,80.4,0,40
Bangalore,HSR Layout,friends,8,Olive Street Food Cafe - Btm Layout,cafe,4.6,11257,PRICE_LEVEL_MODERATE,3.09,5,70.8,100,83,38.1,30,40
Bangalore,HSR Layout,friends,9,Nahdi Mandi Restaurant Bangalore,restaurant,4.4,7914,PRICE_LEVEL_MODERATE,2.27,4,63.7,80,75,54.5,30,40
Bangalore,HSR Layout,friends,10,Drunken Daddy,pub,4.4,10664,PRICE_LEVEL_MODERATE,3.53,0,34.5,0,75.3,29.4,100,0
Bangalore,HSR Layout,friends,11,Truffles Koramangala,restaurant,4.5,50781,PRICE_LEVEL_MODERATE,3.61,0,24.6,0,79.8,27.8,30,0
Bangalore,HSR Layout,friends,12,The Bier Library,brewpub,4.4,22440,PRICE_LEVEL_EXPENSIVE,3.37,0,24.5,0,75.7,32.6,30,0
Bangalore,HSR Layout,friends,13,Dyu Art Cafe,cafe,4.4,20752,PRICE_LEVEL_MODERATE,3.68,0,23.6,0,75.6,26.4,30,0
Bangalore,HSR Layout,friends,14,URU Brewpark,brewpub,4.3,24339,PRICE_LEVEL_EXPENSIVE,4.14,0,21.4,0,71.8,17.2,30,0
Bangalore,HSR Layout,friends,15,Roxie,fine_dining_restaurant,4.4,8339,,2.95,0,21.2,0,75.1,41,0,0
Bangalore,HSR Layout,friends,16,Hotel Greenpark Bengaluru,hotel,4.8,3613,,4.13,0,20.2,0,88.1,17.3,0,0
Bangalore,HSR Layout,friends,17,Byg Brewski Brewing Company,brewpub,4.3,45641,PRICE_LEVEL_EXPENSIVE,4.79,0,19.5,0,71.9,4.2,30,0
Bangalore,HSR Layout,friends,18,Savoury Business Hotel,hotel,4.1,13575,,2.87,0,19.2,0,63.9,42.7,0,0
Bangalore,HSR Layout,friends,19,Mykos Craft Kitchen & Bar,restaurant,4.5,5518,,4.53,0,17.1,0,78.3,9.4,0,0
Bangalore,HSR Layout,friends,20,The Bay at Ecoworld,restaurant,4.4,3862,,4.95,0,15,0,74.2,1,0,0
Bangalore,Whitefield,date_night,1,Dhaba Square,north_indian_restaurant,4.5,6192,PRICE_LEVEL_MODERATE,1.58,5,74.5,100,78.5,68.4,30,40
Bangalore,Whitefield,date_night,2,BLR Brewing Co - Whitefield,brewpub,4.6,12921,PRICE_LEVEL_EXPENSIVE,4.64,5,69.2,100,83.1,7.1,30,70
Bangalore,Whitefield,date_night,3,"ASF - Ancient Stone Flames BBQ & Grill | Whitefield, Bangalore",buffet_restaurant,4.7,3892,,2.97,5,67.1,100,84.8,40.6,0,40
Bangalore,Whitefield,date_night,4,Kaavu,restaurant,4.3,3268,,2.11,5,66.8,100,70.4,57.8,0,40
Bangalore,Whitefield,date_night,5,Anand Sweets - Whitefield,restaurant,4.3,9080,PRICE_LEVEL_MODERATE,0.20,2,53.2,40,71.4,96.1,30,40
Bangalore,Whitefield,date_night,6,Glen's Bakehouse Whitefield,bakery,4.2,12276,PRICE_LEVEL_MODERATE,0.28,1,44.2,20,67.7,94.4,30,40
Bangalore,Whitefield,date_night,7,"The Pump House, Whitefield",brewpub,4.7,11617,PRICE_LEVEL_MODERATE,4.66,1,37.9,20,86.8,6.8,30,70
Bangalore,Whitefield,date_night,8,Windmills Craftworks [Whitefield],brewpub,4.4,21277,PRICE_LEVEL_VERY_EXPENSIVE,3.36,1,36.5,20,75.6,32.8,30,40
Bangalore,Whitefield,date_night,9,"Lemon Tree Suites ,Whitefield, Bengaluru",hotel,4.2,661,,0.39,0,26.8,0,64.6,92.3,0,0
Bangalore,Whitefield,date_night,10,Empire Restaurant @ Brookefield,restaurant,4.4,27335,PRICE_LEVEL_MODERATE,3.82,0,23.2,0,75.7,23.7,30,0
Bangalore,Whitefield,date_night,11,The Den Bengaluru,hotel,4.4,10156,,2.68,0,22,0,75.2,46.4,0,0
Bangalore,Whitefield,date_night,12,NEXUS SHANTINIKETAN,shopping_mall,4.5,87582,,3.22,0,21.3,0,79.9,35.5,0,0
Bangalore,Whitefield,date_night,13,The Rameshwaram Cafe @ Brookfield,south_indian_restaurant,4.2,18239,PRICE_LEVEL_MODERATE,4.05,0,20.9,0,67.8,19,30,0
Bangalore,Whitefield,date_night,14,Asha Tiffins,vegetarian_restaurant,4.2,1979,PRICE_LEVEL_MODERATE,4.23,0,20.1,0,66.4,15.3,30,0
Bangalore,Whitefield,date_night,15,ABV - Artisanal Bier Village,brewery,4.6,4176,,4.07,0,19.1,0,81.4,18.6,0,0
Bangalore,Whitefield,date_night,16,Asha Tiffins,south_indian_restaurant,4.4,10885,PRICE_LEVEL_INEXPENSIVE,3.89,0,18.4,0,75.3,22.2,0,0
Bangalore,Whitefield,date_night,17,"The Zuri Whitefield, Bengaluru",hotel,4.3,8965,,3.66,0,18.3,0,71.4,26.8,0,0
Bangalore,Whitefield,date_night,18,"Lemon Tree Hotel, Whitefield, Bangalore",hotel,4.1,5130,,3.46,0,17.3,0,63.6,30.7,0,0
Bangalore,Whitefield,date_night,19,Biergarten,brewery,4.5,5477,,4.68,0,16.6,0,78.3,6.5,0,0
Bangalore,Whitefield,date_night,20,"Keys Prima By Lemon Tree Hotels, Whitefield, Bengaluru",hotel,3.9,1439,,4.49,0,12.9,0,57,10.2,0,0
Bangalore,Whitefield,family,1,Dhaba Square,north_indian_restaurant,4.5,6192,PRICE_LEVEL_MODERATE,1.58,5,85,100,78.5,68.4,100,40
Bangalore,Whitefield,family,2,The Rameshwaram Cafe @ Brookfield,south_indian_restaurant,4.2,18239,PRICE_LEVEL_MODERATE,4.05,5,78.4,100,67.8,19,100,70
Bangalore,Whitefield,family,3,"ASF - Ancient Stone Flames BBQ & Grill | Whitefield, Bangalore",buffet_restaurant,4.7,3892,,2.97,5,77.6,100,84.8,40.6,70,40
Bangalore,Whitefield,family,4,Asha Tiffins,south_indian_restaurant,4.4,10885,PRICE_LEVEL_INEXPENSIVE,3.89,5,77.4,100,75.3,22.2,100,40
Bangalore,Whitefield,family,5,Kaavu,restaurant,4.3,3268,,2.11,5,66.8,100,70.4,57.8,0,40
Bangalore,Whitefield,family,6,Anand Sweets - Whitefield,restaurant,4.3,9080,PRICE_LEVEL_MODERATE,0.20,2,53.2,40,71.4,96.1,30,40
Bangalore,Whitefield,family,7,Glen's Bakehouse Whitefield,bakery,4.2,12276,PRICE_LEVEL_MODERATE,0.28,1,44.2,20,67.7,94.4,30,40
Bangalore,Whitefield,family,8,"The Pump House, Whitefield",brewpub,4.7,11617,PRICE_LEVEL_MODERATE,4.66,1,37.9,20,86.8,6.8,30,70
Bangalore,Whitefield,family,9,"Lemon Tree Suites ,Whitefield, Bengaluru",hotel,4.2,661,,0.39,0,26.8,0,64.6,92.3,0,0
Bangalore,Whitefield,family,10,Empire Restaurant @ Brookefield,restaurant,4.4,27335,PRICE_LEVEL_MODERATE,3.82,0,23.2,0,75.7,23.7,30,0
Bangalore,Whitefield,family,11,The Den Bengaluru,hotel,4.4,10156,,2.68,0,22,0,75.2,46.4,0,0
Bangalore,Whitefield,family,12,NEXUS SHANTINIKETAN,shopping_mall,4.5,87582,,3.22,0,21.3,0,79.9,35.5,0,0
Bangalore,Whitefield,family,13,Asha Tiffins,vegetarian_restaurant,4.2,1979,PRICE_LEVEL_MODERATE,4.23,0,20.1,0,66.4,15.3,30,0
Bangalore,Whitefield,family,14,Windmills Craftworks [Whitefield],brewpub,4.4,21277,PRICE_LEVEL_VERY_EXPENSIVE,3.36,0,20,0,75.6,32.8,0,0
Bangalore,Whitefield,family,15,ABV - Artisanal Bier Village,brewery,4.6,4176,,4.07,0,19.1,0,81.4,18.6,0,0
Bangalore,Whitefield,family,16,"The Zuri Whitefield, Bengaluru",hotel,4.3,8965,,3.66,0,18.3,0,71.4,26.8,0,0
Bangalore,Whitefield,family,17,BLR Brewing Co - Whitefield,brewpub,4.6,12921,PRICE_LEVEL_EXPENSIVE,4.64,0,17.7,0,83.1,7.1,0,0
Bangalore,Whitefield,family,18,"Lemon Tree Hotel, Whitefield, Bangalore",hotel,4.1,5130,,3.46,0,17.3,0,63.6,30.7,0,0
Bangalore,Whitefield,family,19,Biergarten,brewery,4.5,5477,,4.68,0,16.6,0,78.3,6.5,0,0
Bangalore,Whitefield,family,20,"Keys Prima By Lemon Tree Hotels, Whitefield, Bengaluru",hotel,3.9,1439,,4.49,0,12.9,0,57,10.2,0,0
Bangalore,Whitefield,friends,1,Dhaba Square,north_indian_restaurant,4.5,6192,PRICE_LEVEL_MODERATE,1.58,5,74.5,100,78.5,68.4,30,40
Bangalore,Whitefield,friends,2,ABV - Artisanal Bier Village,brewery,4.6,4176,,4.07,5,73.6,100,81.4,18.6,70,40
Bangalore,Whitefield,friends,3,"ASF - Ancient Stone Flames BBQ & Grill | Whitefield, Bangalore",buffet_restaurant,4.7,3892,,2.97,5,67.1,100,84.8,40.6,0,40
Bangalore,Whitefield,friends,4,Kaavu,restaurant,4.3,3268,,2.11,5,66.8,100,70.4,57.8,0,40
Bangalore,Whitefield,friends,5,Biergarten,brewery,4.5,5477,,4.68,4,63.1,80,78.3,6.5,70,40
Bangalore,Whitefield,friends,6,Anand Sweets - Whitefield,restaurant,4.3,9080,PRICE_LEVEL_MODERATE,0.20,2,53.2,40,71.4,96.1,30,40
Bangalore,Whitefield,friends,7,Glen's Bakehouse Whitefield,bakery,4.2,12276,PRICE_LEVEL_MODERATE,0.28,1,44.2,20,67.7,94.4,30,40
Bangalore,Whitefield,friends,8,"The Pump House, Whitefield",brewpub,4.7,11617,PRICE_LEVEL_MODERATE,4.66,1,37.9,20,86.8,6.8,30,70
Bangalore,Whitefield,friends,9,"Lemon Tree Suites ,Whitefield, Bengaluru",hotel,4.2,661,,0.39,0,26.8,0,64.6,92.3,0,0
Bangalore,Whitefield,friends,10,Empire Restaurant @ Brookefield,restaurant,4.4,27335,PRICE_LEVEL_MODERATE,3.82,0,23.2,0,75.7,23.7,30,0
Bangalore,Whitefield,friends,11,BLR Brewing Co - Whitefield,brewpub,4.6,12921,PRICE_LEVEL_EXPENSIVE,4.64,0,22.2,0,83.1,7.1,30,0
Bangalore,Whitefield,friends,12,The Den Bengaluru,hotel,4.4,10156,,2.68,0,22,0,75.2,46.4,0,0
Bangalore,Whitefield,friends,13,NEXUS SHANTINIKETAN,shopping_mall,4.5,87582,,3.22,0,21.3,0,79.9,35.5,0,0
Bangalore,Whitefield,friends,14,The Rameshwaram Cafe @ Brookfield,south_indian_restaurant,4.2,18239,PRICE_LEVEL_MODERATE,4.05,0,20.9,0,67.8,19,30,0
Bangalore,Whitefield,friends,15,Asha Tiffins,vegetarian_restaurant,4.2,1979,PRICE_LEVEL_MODERATE,4.23,0,20.1,0,66.4,15.3,30,0
Bangalore,Whitefield,friends,16,Windmills Craftworks [Whitefield],brewpub,4.4,21277,PRICE_LEVEL_VERY_EXPENSIVE,3.36,0,20,0,75.6,32.8,0,0
Bangalore,Whitefield,friends,17,Asha Tiffins,south_indian_restaurant,4.4,10885,PRICE_LEVEL_INEXPENSIVE,3.89,0,18.4,0,75.3,22.2,0,0
Bangalore,Whitefield,friends,18,"The Zuri Whitefield, Bengaluru",hotel,4.3,8965,,3.66,0,18.3,0,71.4,26.8,0,0
Bangalore,Whitefield,friends,19,"Lemon Tree Hotel, Whitefield, Bangalore",hotel,4.1,5130,,3.46,0,17.3,0,63.6,30.7,0,0
Bangalore,Whitefield,friends,20,"Keys Prima By Lemon Tree Hotels, Whitefield, Bengaluru",hotel,3.9,1439,,4.49,0,12.9,0,57,10.2,0,0
Bangalore,Marathahalli,date_night,1,Ironhill Bengaluru,brewery,4.7,39890,,0.92,5,76.8,100,87.7,81.5,0,70
Bangalore,Marathahalli,date_night,2,BLR Brewing Co - Whitefield,brewpub,4.6,12921,PRICE_LEVEL_EXPENSIVE,2.85,5,74.6,100,83.1,43,30,70
Bangalore,Marathahalli,date_night,3,The Rameshwaram Cafe @ Brookfield,south_indian_restaurant,4.2,18239,PRICE_LEVEL_MODERATE,2.10,5,73.8,100,67.8,58.1,30,70
Bangalore,Marathahalli,date_night,4,Meghana Foods - Marathahalli,south_indian_restaurant,4.1,24881,PRICE_LEVEL_MODERATE,1.08,5,73,100,63.9,78.3,30,40
Bangalore,Marathahalli,date_night,5,Long Boat Brewing Co.,brewery,4.5,14689,,0.88,5,72.2,100,79.3,82.3,0,40
Bangalore,Marathahalli,date_night,6,Asha Tiffins,vegetarian_restaurant,4.2,1979,PRICE_LEVEL_MODERATE,2.14,5,70.4,100,66.4,57.2,30,40
Bangalore,Marathahalli,date_night,7,Helen’s Place Marathahalli,restaurant,4.3,3733,,0.96,5,70.3,100,70.6,80.9,0,40
Bangalore,Marathahalli,date_night,8,AnTeRa Kitchen and Bar - Marathahalli,south_indian_restaurant,4.5,2281,,1.35,5,70.2,100,76.4,73.1,0,40
Bangalore,Marathahalli,date_night,9,Biergarten Bellandur,brewpub,4.6,9415,PRICE_LEVEL_MODERATE,3.51,2,45.5,40,82.8,29.8,30,40
Bangalore,Marathahalli,date_night,10,Torq03,amusement_center,4.5,29679,,0.79,0,28.6,0,79.7,84.3,0,0
Bangalore,Marathahalli,date_night,11,Asha Tiffins,south_indian_restaurant,4.4,10885,PRICE_LEVEL_INEXPENSIVE,1.94,0,24.2,0,75.3,61.2,0,0
Bangalore,Marathahalli,date_night,12,Toit Mahadevapura,pub,4.7,1578,,2.45,0,23.9,0,81.3,51.1,0,0
Bangalore,Marathahalli,date_night,13,Bellandur SOCIAL,restaurant,3.9,5549,PRICE_LEVEL_EXPENSIVE,2.38,0,23.6,0,56.3,52.3,30,0
Bangalore,Marathahalli,date_night,14,Windmills Craftworks [Whitefield],brewpub,4.4,21277,PRICE_LEVEL_VERY_EXPENSIVE,3.71,0,23.5,0,75.6,25.8,30,0
Bangalore,Marathahalli,date_night,15,Maize & Malt - Craft Brewery & Kitchen,brewpub,4.7,7105,,4.07,0,20,0,86.2,18.6,0,0
Bangalore,Marathahalli,date_night,16,Mannheim Craft Brewery Whitefield,brewery,4.6,2006,,3.72,0,19.7,0,79.2,25.5,0,0
Bangalore,Marathahalli,date_night,17,ABV - Artisanal Bier Village,brewery,4.6,4176,,4.38,0,18.1,0,81.4,12.4,0,0
Bangalore,Marathahalli,date_night,18,Kaavu,restaurant,4.3,3268,,3.81,0,17.7,0,70.4,23.8,0,0
Bangalore,Marathahalli,date_night,19,NEXUS SHANTINIKETAN,shopping_mall,4.5,87582,,4.75,0,16.7,0,79.9,5.1,0,0
Bangalore,Marathahalli,date_night,20,The Bay at Ecoworld,restaurant,4.4,3862,,4.52,0,16.3,0,74.2,9.7,0,0
Bangalore,Marathahalli,family,1,The Rameshwaram Cafe @ Brookfield,south_indian_restaurant,4.2,18239,PRICE_LEVEL_MODERATE,2.10,5,84.3,100,67.8,58.1,100,70
Bangalore,Marathahalli,family,2,Meghana Foods - Marathahalli,south_indian_restaurant,4.1,24881,PRICE_LEVEL_MODERATE,1.08,5,83.5,100,63.9,78.3,100,40
Bangalore,Marathahalli,family,3,Asha Tiffins,south_indian_restaurant,4.4,10885,PRICE_LEVEL_INEXPENSIVE,1.94,5,83.2,100,75.3,61.2,100,40
Bangalore,Marathahalli,family,4,AnTeRa Kitchen and Bar - Marathahalli,south_indian_restaurant,4.5,2281,,1.35,5,80.7,100,76.4,73.1,70,40
Bangalore,Marathahalli,family,5,Ironhill Bengaluru,brewery,4.7,39890,,0.92,5,76.8,100,87.7,81.5,0,70
Bangalore,Marathahalli,family,6,Long Boat Brewing Co.,brewery,4.5,14689,,0.88,5,72.2,100,79.3,82.3,0,40
Bangalore,Marathahalli,family,7,Asha Tiffins,vegetarian_restaurant,4.2,1979,PRICE_LEVEL_MODERATE,2.14,5,70.4,100,66.4,57.2,30,40
Bangalore,Marathahalli,family,8,Helen’s Place Marathahalli,restaurant,4.3,3733,,0.96,5,70.3,100,70.6,80.9,0,40
Bangalore,Marathahalli,family,9,Biergarten Bellandur,brewpub,4.6,9415,PRICE_LEVEL_MODERATE,3.51,2,45.5,40,82.8,29.8,30,40
Bangalore,Marathahalli,family,10,Torq03,amusement_center,4.5,29679,,0.79,0,28.6,0,79.7,84.3,0,0
Bangalore,Marathahalli,family,11,Toit Mahadevapura,pub,4.7,1578,,2.45,0,23.9,0,81.3,51.1,0,0
Bangalore,Marathahalli,family,12,BLR Brewing Co - Whitefield,brewpub,4.6,12921,PRICE_LEVEL_EXPENSIVE,2.85,0,23.1,0,83.1,43,0,0
Bangalore,Marathahalli,family,13,Maize & Malt - Craft Brewery & Kitchen,brewpub,4.7,7105,,4.07,0,20,0,86.2,18.6,0,0
Bangalore,Marathahalli,family,14,Mannheim Craft Brewery Whitefield,brewery,4.6,2006,,3.72,0,19.7,0,79.2,25.5,0,0
Bangalore,Marathahalli,family,15,Bellandur SOCIAL,restaurant,3.9,5549,PRICE_LEVEL_EXPENSIVE,2.38,0,19.1,0,56.3,52.3,0,0
Bangalore,Marathahalli,family,16,Windmills Craftworks [Whitefield],brewpub,4.4,21277,PRICE_LEVEL_VERY_EXPENSIVE,3.71,0,19,0,75.6,25.8,0,0
Bangalore,Marathahalli,family,17,ABV - Artisanal Bier Village,brewery,4.6,4176,,4.38,0,18.1,0,81.4,12.4,0,0
Bangalore,Marathahalli,family,18,Kaavu,restaurant,4.3,3268,,3.81,0,17.7,0,70.4,23.8,0,0
Bangalore,Marathahalli,family,19,NEXUS SHANTINIKETAN,shopping_mall,4.5,87582,,4.75,0,16.7,0,79.9,5.1,0,0
Bangalore,Marathahalli,family,20,The Bay at Ecoworld,restaurant,4.4,3862,,4.52,0,16.3,0,74.2,9.7,0,0
Bangalore,Marathahalli,friends,1,Ironhill Bengaluru,brewery,4.7,39890,,0.92,5,87.3,100,87.7,81.5,70,70
Bangalore,Marathahalli,friends,2,Long Boat Brewing Co.,brewery,4.5,14689,,0.88,5,82.7,100,79.3,82.3,70,40
Bangalore,Marathahalli,friends,3,BLR Brewing Co - Whitefield,brewpub,4.6,12921,PRICE_LEVEL_EXPENSIVE,2.85,5,74.6,100,83.1,43,30,70
Bangalore,Marathahalli,friends,4,The Rameshwaram Cafe @ Brookfield,south_indian_restaurant,4.2,18239,PRICE_LEVEL_MODERATE,2.10,5,73.8,100,67.8,58.1,30,70
Bangalore,Marathahalli,friends,5,Meghana Foods - Marathahalli,south_indian_restaurant,4.1,24881,PRICE_LEVEL_MODERATE,1.08,5,73,100,63.9,78.3,30,40
Bangalore,Marathahalli,friends,6,ABV - Artisanal Bier Village,brewery,4.6,4176,,4.38,5,72.6,100,81.4,12.4,70,40
Bangalore,Marathahalli,friends,7,Asha Tiffins,vegetarian_restaurant,4.2,1979,PRICE_LEVEL_MODERATE,2.14,5,70.4,100,66.4,57.2,30,40
Bangalore,Marathahalli,friends,8,Mannheim Craft Brewery Whitefield,brewery,4.6,2006,,3.72,3,61.2,60,79.2,25.5,70,70
Bangalore,Marathahalli,friends,9,Toit Mahadevapura,pub,4.7,1578,,2.45,0,34.4,0,81.3,51.1,70,0
Bangalore,Marathahalli,friends,10,Torq03,amusement_center,4.5,29679,,0.79,0,28.6,0,79.7,84.3,0,0
Bangalore,Marathahalli,friends,11,Helen’s Place Marathahalli,restaurant,4.3,3733,,0.96,0,26.3,0,70.6,80.9,0,0
Bangalore,Marathahalli,friends,12,AnTeRa Kitchen and Bar - Marathahalli,south_indian_restaurant,4.5,2281,,1.35,0,26.2,0,76.4,73.1,0,0
Bangalore,Marathahalli,friends,13,Biergarten Bellandur,brewpub,4.6,9415,PRICE_LEVEL_MODERATE,3.51,0,25.5,0,82.8,29.8,30,0
Bangalore,Marathahalli,friends,14,Asha Tiffins,south_indian_restaurant,4.4,10885,PRICE_LEVEL_INEXPENSIVE,1.94,0,24.2,0,75.3,61.2,0,0
Bangalore,Marathahalli,friends,15,Bellandur SOCIAL,restaurant,3.9,5549,PRICE_LEVEL_EXPENSIVE,2.38,0,23.6,0,56.3,52.3,30,0
Bangalore,Marathahalli,friends,16,Maize & Malt - Craft Brewery & Kitchen,brewpub,4.7,7105,,4.07,0,20,0,86.2,18.6,0,0
Bangalore,Marathahalli,friends,17,Windmills Craftworks [Whitefield],brewpub,4.4,21277,PRICE_LEVEL_VERY_EXPENSIVE,3.71,0,19,0,75.6,25.8,0,0
Bangalore,Marathahalli,friends,18,Kaavu,restaurant,4.3,3268,,3.81,0,17.7,0,70.4,23.8,0,0
Bangalore,Marathahalli,friends,19,NEXUS SHANTINIKETAN,shopping_mall,4.5,87582,,4.75,0,16.7,0,79.9,5.1,0,0
Bangalore,Marathahalli,friends,20,The Bay at Ecoworld,restaurant,4.4,3862,,4.52,0,16.3,0,74.2,9.7,0,0
Bangalore,Jayanagar,date_night,1,PHURR | Jayanagar,fine_dining_restaurant,4.7,16734,,1.44,5,82.6,100,87.2,71.2,70,40
Bangalore,Jayanagar,date_night,2,Taaza Thindi,south_indian_restaurant,4.6,36778,PRICE_LEVEL_INEXPENSIVE,0.25,5,78,100,83.7,95.1,0,70
Bangalore,Jayanagar,date_night,3,Meghana Foods,south_indian_restaurant,4.3,35105,PRICE_LEVEL_MODERATE,1.01,5,74.8,100,71.8,79.8,30,40
Bangalore,Jayanagar,date_night,4,The Rameshwaram Cafe @ JP Nagar,restaurant,4.1,22850,PRICE_LEVEL_MODERATE,2.09,5,73,100,63.9,58.3,30,70
Bangalore,Jayanagar,date_night,5,Dyu Art Cafe,cafe,4.4,20752,PRICE_LEVEL_MODERATE,2.93,5,72.8,100,75.6,41.4,30,70
Bangalore,Jayanagar,date_night,6,MTR,vegetarian_restaurant,4.3,39150,PRICE_LEVEL_MODERATE,3.47,5,67.4,100,71.8,30.5,30,40
Bangalore,Jayanagar,date_night,7,The Pump House,brewpub,4.5,29904,PRICE_LEVEL_EXPENSIVE,2.41,4,67.2,80,79.7,51.9,30,70
Bangalore,Jayanagar,date_night,8,Truffles Koramangala,restaurant,4.5,50781,PRICE_LEVEL_MODERATE,2.42,4,67.2,80,79.8,51.7,30,70
Bangalore,Jayanagar,date_night,9,Nahdi Mandi Restaurant Bangalore,restaurant,4.4,7914,PRICE_LEVEL_MODERATE,2.89,4,61.8,80,75,42.1,30,40
Bangalore,Jayanagar,date_night,10,URU Brewpark,brewpub,4.3,24339,PRICE_LEVEL_EXPENSIVE,2.28,1,39,20,71.8,54.4,30,40
Bangalore,Jayanagar,date_night,11,Vidyarthi Bhavan,south_indian_restaurant,4.2,57365,PRICE_LEVEL_MODERATE,3.30,0,23.2,0,67.9,34.1,30,0
Bangalore,Jayanagar,date_night,12,The Bier Library,brewpub,4.4,22440,PRICE_LEVEL_EXPENSIVE,3.84,0,23.1,0,75.7,23.2,30,0
Bangalore,Jayanagar,date_night,13,Shivaji Military Hotel,indian_restaurant,3.8,24478,PRICE_LEVEL_MODERATE,2.29,0,23.1,0,52.2,54.3,30,0
Bangalore,Jayanagar,date_night,14,The Palms Brew and Kitchen,brewery,4.7,5845,,3.40,0,21.9,0,85.8,31.9,0,0
Bangalore,Jayanagar,date_night,15,Mykos Craft Kitchen & Bar,restaurant,4.5,5518,,3.12,0,21.3,0,78.3,37.7,0,0
Bangalore,Jayanagar,date_night,16,Savoury Business Hotel,hotel,4.1,13575,,2.52,0,20.2,0,63.9,49.7,0,0
Bangalore,Jayanagar,date_night,17,Bistro Claytopia,cafe,4.2,8130,PRICE_LEVEL_MODERATE,4.28,0,20.2,0,67.5,14.4,30,0
Bangalore,Jayanagar,date_night,18,V. V. Puram Food Street (Thindi Beedi),food_court,4.2,22865,,3.37,0,18.5,0,67.8,32.7,0,0
Bangalore,Jayanagar,date_night,19,Asha Tiffins,vegetarian_restaurant,4.4,17821,PRICE_LEVEL_INEXPENSIVE,4.46,0,16.8,0,75.6,10.9,0,0
Bangalore,Jayanagar,date_night,20,The Chancery Pavilion,hotel,4.1,19165,,4.60,0,14,0,63.9,8.1,0,0
Bangalore,Jayanagar,family,1,Taaza Thindi,south_indian_restaurant,4.6,36778,PRICE_LEVEL_INEXPENSIVE,0.25,5,93,100,83.7,95.1,100,70
Bangalore,Jayanagar,family,2,Meghana Foods,south_indian_restaurant,4.3,35105,PRICE_LEVEL_MODERATE,1.01,5,85.3,100,71.8,79.8,100,40
Bangalore,Jayanagar,family,3,Dyu Art Cafe,cafe,4.4,20752,PRICE_LEVEL_MODERATE,2.93,5,83.3,100,75.6,41.4,100,70
Bangalore,Jayanagar,family,4,Vidyarthi Bhavan,south_indian_restaurant,4.2,57365,PRICE_LEVEL_MODERATE,3.30,5,77.7,100,67.9,34.1,100,40
Bangalore,Jayanagar,family,5,Shivaji Military Hotel,indian_restaurant,3.8,24478,PRICE_LEVEL_MODERATE,2.29,5,77.6,100,52.2,54.3,100,40
Bangalore,Jayanagar,family,6,Bistro Claytopia,cafe,4.2,8130,PRICE_LEVEL_MODERATE,4.28,5,74.7,100,67.5,14.4,100,40
Bangalore,Jayanagar,family,7,The Rameshwaram Cafe @ JP Nagar,restaurant,4.1,22850,PRICE_LEVEL_MODERATE,2.09,5,73,100,63.9,58.3,30,70
Bangalore,Jayanagar,family,8,PHURR | Jayanagar,fine_dining_restaurant,4.7,16734,,1.44,5,72.1,100,87.2,71.2,0,40
Bangalore,Jayanagar,family,9,Truffles Koramangala,restaurant,4.5,50781,PRICE_LEVEL_MODERATE,2.42,4,67.2,80,79.8,51.7,30,70
Bangalore,Jayanagar,family,10,Nahdi Mandi Restaurant Bangalore,restaurant,4.4,7914,PRICE_LEVEL_MODERATE,2.89,4,61.8,80,75,42.1,30,40
Bangalore,Jayanagar,family,11,The Pump House,brewpub,4.5,29904,PRICE_LEVEL_EXPENSIVE,2.41,0,23.7,0,79.7,51.9,0,0
Bangalore,Jayanagar,family,12,MTR,vegetarian_restaurant,4.3,39150,PRICE_LEVEL_MODERATE,3.47,0,23.4,0,71.8,30.5,30,0
Bangalore,Jayanagar,family,13,URU Brewpark,brewpub,4.3,24339,PRICE_LEVEL_EXPENSIVE,2.28,0,22.5,0,71.8,54.4,0,0
Bangalore,Jayanagar,family,14,The Palms Brew and Kitchen,brewery,4.7,5845,,3.40,0,21.9,0,85.8,31.9,0,0
Bangalore,Jayanagar,family,15,Mykos Craft Kitchen & Bar,restaurant,4.5,5518,,3.12,0,21.3,0,78.3,37.7,0,0
Bangalore,Jayanagar,family,16,Asha Tiffins,vegetarian_restaurant,4.4,17821,PRICE_LEVEL_INEXPENSIVE,4.46,0,21.3,0,75.6,10.9,30,0
Bangalore,Jayanagar,family,17,Savoury Business Hotel,hotel,4.1,13575,,2.52,0,20.2,0,63.9,49.7,0,0
Bangalore,Jayanagar,family,18,The Bier Library,brewpub,4.4,22440,PRICE_LEVEL_EXPENSIVE,3.84,0,18.6,0,75.7,23.2,0,0
Bangalore,Jayanagar,family,19,V. V. Puram Food Street (Thindi Beedi),food_court,4.2,22865,,3.37,0,18.5,0,67.8,32.7,0,0
Bangalore,Jayanagar,family,20,The Chancery Pavilion,hotel,4.1,19165,,4.60,0,14,0,63.9,8.1,0,0
Bangalore,Jayanagar,friends,1,Taaza Thindi,south_indian_restaurant,4.6,36778,PRICE_LEVEL_INEXPENSIVE,0.25,5,78,100,83.7,95.1,0,70
Bangalore,Jayanagar,friends,2,Meghana Foods,south_indian_restaurant,4.3,35105,PRICE_LEVEL_MODERATE,1.01,5,74.8,100,71.8,79.8,30,40
Bangalore,Jayanagar,friends,3,The Rameshwaram Cafe @ JP Nagar,restaurant,4.1,22850,PRICE_LEVEL_MODERATE,2.09,5,73,100,63.9,58.3,30,70
Bangalore,Jayanagar,friends,4,Dyu Art Cafe,cafe,4.4,20752,PRICE_LEVEL_MODERATE,2.93,5,72.8,100,75.6,41.4,30,70
Bangalore,Jayanagar,friends,5,PHURR | Jayanagar,fine_dining_restaurant,4.7,16734,,1.44,5,72.1,100,87.2,71.2,0,40
Bangalore,Jayanagar,friends,6,The Pump House,brewpub,4.5,29904,PRICE_LEVEL_EXPENSIVE,2.41,4,67.2,80,79.7,51.9,30,70
Bangalore,Jayanagar,friends,7,Truffles Koramangala,restaurant,4.5,50781,PRICE_LEVEL_MODERATE,2.42,4,67.2,80,79.8,51.7,30,70
Bangalore,Jayanagar,friends,8,The Palms Brew and Kitchen,brewery,4.7,5845,,3.40,3,63.4,60,85.8,31.9,70,70
Bangalore,Jayanagar,friends,9,Nahdi Mandi Restaurant Bangalore,restaurant,4.4,7914,PRICE_LEVEL_MODERATE,2.89,4,61.8,80,75,42.1,30,40
Bangalore,Jayanagar,friends,10,URU Brewpark,brewpub,4.3,24339,PRICE_LEVEL_EXPENSIVE,2.28,1,39,20,71.8,54.4,30,40
Bangalore,Jayanagar,friends,11,MTR,vegetarian_restaurant,4.3,39150,PRICE_LEVEL_MODERATE,3.47,0,23.4,0,71.8,30.5,30,0
Bangalore,Jayanagar,friends,12,Vidyarthi Bhavan,south_indian_restaurant,4.2,57365,PRICE_LEVEL_MODERATE,3.30,0,23.2,0,67.9,34.1,30,0
Bangalore,Jayanagar,friends,13,The Bier Library,brewpub,4.4,22440,PRICE_LEVEL_EXPENSIVE,3.84,0,23.1,0,75.7,23.2,30,0
Bangalore,Jayanagar,friends,14,Shivaji Military Hotel,indian_restaurant,3.8,24478,PRICE_LEVEL_MODERATE,2.29,0,23.1,0,52.2,54.3,30,0
Bangalore,Jayanagar,friends,15,Mykos Craft Kitchen & Bar,restaurant,4.5,5518,,3.12,0,21.3,0,78.3,37.7,0,0
Bangalore,Jayanagar,friends,16,Savoury Business Hotel,hotel,4.1,13575,,2.52,0,20.2,0,63.9,49.7,0,0
Bangalore,Jayanagar,friends,17,Bistro Claytopia,cafe,4.2,8130,PRICE_LEVEL_MODERATE,4.28,0,20.2,0,67.5,14.4,30,0
Bangalore,Jayanagar,friends,18,V. V. Puram Food Street (Thindi Beedi),food_court,4.2,22865,,3.37,0,18.5,0,67.8,32.7,0,0
Bangalore,Jayanagar,friends,19,Asha Tiffins,vegetarian_restaurant,4.4,17821,PRICE_LEVEL_INEXPENSIVE,4.46,0,16.8,0,75.6,10.9,0,0
Bangalore,Jayanagar,friends,20,The Chancery Pavilion,hotel,4.1,19165,,4.60,0,14,0,63.9,8.1,0,0
Bangalore,JP Nagar,date_night,1,PHURR | Jayanagar,fine_dining_restaurant,4.7,16734,,2.74,5,78.7,100,87.2,45.2,70,40
Bangalore,JP Nagar,date_night,2,The Rameshwaram Cafe @ JP Nagar,restaurant,4.1,22850,PRICE_LEVEL_MODERATE,0.58,5,77.5,100,63.9,88.4,30,70
Bangalore,JP Nagar,date_night,3,The Pump House,brewpub,4.5,29904,PRICE_LEVEL_EXPENSIVE,0.41,4,73.2,80,79.7,91.8,30,70
Bangalore,JP Nagar,date_night,4,Taaza Thindi,south_indian_restaurant,4.6,36778,PRICE_LEVEL_INEXPENSIVE,1.83,5,73.2,100,83.7,63.3,0,70
Bangalore,JP Nagar,date_night,5,Meghana Foods,south_indian_restaurant,4.3,35105,PRICE_LEVEL_MODERATE,2.00,5,71.9,100,71.8,60,30,40
Bangalore,JP Nagar,date_night,6,Olive Street Food Cafe - Btm Layout,cafe,4.6,11257,PRICE_LEVEL_MODERATE,2.78,5,71.8,100,83,44.4,30,40
Bangalore,JP Nagar,date_night,7,Shivaji Military Hotel,indian_restaurant,3.8,24478,PRICE_LEVEL_MODERATE,1.66,5,69,100,52.2,66.8,30,40
Bangalore,JP Nagar,date_night,8,The Palms Brew and Kitchen,brewery,4.7,5845,,1.34,3,59.1,60,85.8,73.2,0,70
Bangalore,JP Nagar,date_night,9,URU Brewpark,brewpub,4.3,24339,PRICE_LEVEL_EXPENSIVE,1.72,1,40.7,20,71.8,65.6,30,40
Bangalore,JP Nagar,date_night,10,Hotel Greenpark Bengaluru,hotel,4.8,3613,,1.67,0,27.6,0,88.1,66.6,0,0
Bangalore,JP Nagar,date_night,11,Mykos Craft Kitchen & Bar,restaurant,4.5,5518,,1.94,0,24.8,0,78.3,61.2,0,0
Bangalore,JP Nagar,date_night,12,Truffles Koramangala,restaurant,4.5,50781,PRICE_LEVEL_MODERATE,4.21,0,22.8,0,79.8,15.9,30,0
Bangalore,JP Nagar,date_night,13,Nahdi Mandi Restaurant Bangalore,restaurant,4.4,7914,PRICE_LEVEL_MODERATE,4.01,0,22.5,0,75,19.8,30,0
Bangalore,JP Nagar,date_night,14,Drunken Daddy,pub,4.4,10664,PRICE_LEVEL_MODERATE,4.39,0,21.4,0,75.3,12.2,30,0
Bangalore,JP Nagar,date_night,15,Meghana Foods - Koramangala,south_indian_restaurant,4.3,21731,PRICE_LEVEL_MODERATE,4.45,0,20.5,0,71.7,10.9,30,0
Bangalore,JP Nagar,date_night,16,Dyu Art Cafe,cafe,4.4,20752,PRICE_LEVEL_MODERATE,4.77,0,20.3,0,75.6,4.7,30,0
Bangalore,JP Nagar,date_night,17,Vidyarthi Bhavan,south_indian_restaurant,4.2,57365,PRICE_LEVEL_MODERATE,4.37,0,20,0,67.9,12.5,30,0
Bangalore,JP Nagar,date_night,18,Bengaluru Cafe,south_indian_restaurant,4.4,14574,PRICE_LEVEL_INEXPENSIVE,3.46,0,19.7,0,75.5,30.9,0,0
Bangalore,JP Nagar,date_night,19,Savoury Business Hotel,hotel,4.1,13575,,3.95,0,15.9,0,63.9,21.1,0,0
Bangalore,JP Nagar,date_night,20,V. V. Puram Food Street (Thindi Beedi),food_court,4.2,22865,,4.82,0,14.1,0,67.8,3.5,0,0
Bangalore,JP Nagar,family,1,Taaza Thindi,south_indian_restaurant,4.6,36778,PRICE_LEVEL_INEXPENSIVE,1.83,5,88.2,100,83.7,63.3,100,70
Bangalore,JP Nagar,family,2,Meghana Foods,south_indian_restaurant,4.3,35105,PRICE_LEVEL_MODERATE,2.00,5,82.4,100,71.8,60,100,40
Bangalore,JP Nagar,family,3,Olive Street Food Cafe - Btm Layout,cafe,4.6,11257,PRICE_LEVEL_MODERATE,2.78,5,82.3,100,83,44.4,100,40
Bangalore,JP Nagar,family,4,Shivaji Military Hotel,indian_restaurant,3.8,24478,PRICE_LEVEL_MODERATE,1.66,5,79.5,100,52.2,66.8,100,40
Bangalore,JP Nagar,family,5,Bengaluru Cafe,south_indian_restaurant,4.4,14574,PRICE_LEVEL_INEXPENSIVE,3.46,5,78.7,100,75.5,30.9,100,40
Bangalore,JP Nagar,family,6,Meghana Foods - Koramangala,south_indian_restaurant,4.3,21731,PRICE_LEVEL_MODERATE,4.45,5,78,100,71.7,10.9,100,70
Bangalore,JP Nagar,family,7,Dyu Art Cafe,cafe,4.4,20752,PRICE_LEVEL_MODERATE,4.77,5,77.8,100,75.6,4.7,100,70
Bangalore,JP Nagar,family,8,The Rameshwaram Cafe @ JP Nagar,restaurant,4.1,22850,PRICE_LEVEL_MODERATE,0.58,5,77.5,100,63.9,88.4,30,70
Bangalore,JP Nagar,family,9,Vidyarthi Bhavan,south_indian_restaurant,4.2,57365,PRICE_LEVEL_MODERATE,4.37,5,74.5,100,67.9,12.5,100,40
Bangalore,JP Nagar,family,10,The Pump House,brewpub,4.5,29904,PRICE_LEVEL_EXPENSIVE,0.41,4,68.7,80,79.7,91.8,0,70
Bangalore,JP Nagar,family,11,The Palms Brew and Kitchen,brewery,4.7,5845,,1.34,0,28.1,0,85.8,73.2,0,0
Bangalore,JP Nagar,family,12,Hotel Greenpark Bengaluru,hotel,4.8,3613,,1.67,0,27.6,0,88.1,66.6,0,0
Bangalore,JP Nagar,family,13,Mykos Craft Kitchen & Bar,restaurant,4.5,5518,,1.94,0,24.8,0,78.3,61.2,0,0
Bangalore,JP Nagar,family,14,PHURR | Jayanagar,fine_dining_restaurant,4.7,16734,,2.74,0,24.2,0,87.2,45.2,0,0
Bangalore,JP Nagar,family,15,URU Brewpark,brewpub,4.3,24339,PRICE_LEVEL_EXPENSIVE,1.72,0,24.2,0,71.8,65.6,0,0
Bangalore,JP Nagar,family,16,Truffles Koramangala,restaurant,4.5,50781,PRICE_LEVEL_MODERATE,4.21,0,22.8,0,79.8,15.9,30,0
Bangalore,JP Nagar,family,17,Nahdi Mandi Restaurant Bangalore,restaurant,4.4,7914,PRICE_LEVEL_MODERATE,4.01,0,22.5,0,75,19.8,30,0
Bangalore,JP Nagar,family,18,Drunken Daddy,pub,4.4,10664,PRICE_LEVEL_MODERATE,4.39,0,21.4,0,75.3,12.2,30,0
Bangalore,JP Nagar,family,19,Savoury Business Hotel,hotel,4.1,13575,,3.95,0,15.9,0,63.9,21.1,0,0
Bangalore,JP Nagar,family,20,V. V. Puram Food Street (Thindi Beedi),food_court,4.2,22865,,4.82,0,14.1,0,67.8,3.5,0,0
Bangalore,JP Nagar,friends,1,The Rameshwaram Cafe @ JP Nagar,restaurant,4.1,22850,PRICE_LEVEL_MODERATE,0.58,5,77.5,100,63.9,88.4,30,70
Bangalore,JP Nagar,friends,2,The Pump House,brewpub,4.5,29904,PRICE_LEVEL_EXPENSIVE,0.41,4,73.2,80,79.7,91.8,30,70
Bangalore,JP Nagar,friends,3,Taaza Thindi,south_indian_restaurant,4.6,36778,PRICE_LEVEL_INEXPENSIVE,1.83,5,73.2,100,83.7,63.3,0,70
Bangalore,JP Nagar,friends,4,Meghana Foods,south_indian_restaurant,4.3,35105,PRICE_LEVEL_MODERATE,2.00,5,71.9,100,71.8,60,30,40
Bangalore,JP Nagar,friends,5,Olive Street Food Cafe - Btm Layout,cafe,4.6,11257,PRICE_LEVEL_MODERATE,2.78,5,71.8,100,83,44.4,30,40
Bangalore,JP Nagar,friends,6,The Palms Brew and Kitchen,brewery,4.7,5845,,1.34,3,69.6,60,85.8,73.2,70,70
Bangalore,JP Nagar,friends,7,Shivaji Military Hotel,indian_restaurant,3.8,24478,PRICE_LEVEL_MODERATE,1.66,5,69,100,52.2,66.8,30,40
Bangalore,JP Nagar,friends,8,URU Brewpark,brewpub,4.3,24339,PRICE_LEVEL_EXPENSIVE,1.72,1,40.7,20,71.8,65.6,30,40
Bangalore,JP Nagar,friends,9,Drunken Daddy,pub,4.4,10664,PRICE_LEVEL_MODERATE,4.39,0,31.9,0,75.3,12.2,100,0
Bangalore,JP Nagar,friends,10,Hotel Greenpark Bengaluru,hotel,4.8,3613,,1.67,0,27.6,0,88.1,66.6,0,0
Bangalore,JP Nagar,friends,11,Mykos Craft Kitchen & Bar,restaurant,4.5,5518,,1.94,0,24.8,0,78.3,61.2,0,0
Bangalore,JP Nagar,friends,12,PHURR | Jayanagar,fine_dining_restaurant,4.7,16734,,2.74,0,24.2,0,87.2,45.2,0,0
Bangalore,JP Nagar,friends,13,Truffles Koramangala,restaurant,4.5,50781,PRICE_LEVEL_MODERATE,4.21,0,22.8,0,79.8,15.9,30,0
Bangalore,JP Nagar,friends,14,Nahdi Mandi Restaurant Bangalore,restaurant,4.4,7914,PRICE_LEVEL_MODERATE,4.01,0,22.5,0,75,19.8,30,0
Bangalore,JP Nagar,friends,15,Meghana Foods - Koramangala,south_indian_restaurant,4.3,21731,PRICE_LEVEL_MODERATE,4.45,0,20.5,0,71.7,10.9,30,0
Bangalore,JP Nagar,friends,16,Dyu Art Cafe,cafe,4.4,20752,PRICE_LEVEL_MODERATE,4.77,0,20.3,0,75.6,4.7,30,0
Bangalore,JP Nagar,friends,17,Vidyarthi Bhavan,south_indian_restaurant,4.2,57365,PRICE_LEVEL_MODERATE,4.37,0,20,0,67.9,12.5,30,0
Bangalore,JP Nagar,friends,18,Bengaluru Cafe,south_indian_restaurant,4.4,14574,PRICE_LEVEL_INEXPENSIVE,3.46,0,19.7,0,75.5,30.9,0,0
Bangalore,JP Nagar,friends,19,Savoury Business Hotel,hotel,4.1,13575,,3.95,0,15.9,0,63.9,21.1,0,0
Bangalore,JP Nagar,friends,20,V. V. Puram Food Street (Thindi Beedi),food_court,4.2,22865,,4.82,0,14.1,0,67.8,3.5,0,0
Bangalore,BTM Layout,date_night,1,PHURR | Jayanagar,fine_dining_restaurant,4.7,16734,,3.43,5,76.7,100,87.2,31.4,70,40
Bangalore,BTM Layout,date_night,2,The Hole In The Wall Cafe,cafe,4.3,20698,PRICE_LEVEL_MODERATE,2.62,5,76,100,71.7,47.6,30,100
Bangalore,BTM Layout,date_night,3,Dyu Art Cafe,cafe,4.4,20752,PRICE_LEVEL_MODERATE,2.46,5,74.3,100,75.6,50.9,30,70
Bangalore,BTM Layout,date_night,4,Taaza Thindi,south_indian_restaurant,4.6,36778,PRICE_LEVEL_INEXPENSIVE,1.95,5,72.9,100,83.7,61,0,70
Bangalore,BTM Layout,date_night,5,The Bier Library,brewpub,4.4,22440,PRICE_LEVEL_EXPENSIVE,3.06,5,69.5,100,75.7,38.9,30,40
Bangalore,BTM Layout,date_night,6,Truffles Koramangala,restaurant,4.5,50781,PRICE_LEVEL_MODERATE,1.94,4,68.7,80,79.8,61.3,30,70
Bangalore,BTM Layout,date_night,7,Nahdi Mandi Restaurant Bangalore,restaurant,4.4,7914,PRICE_LEVEL_MODERATE,1.19,4,66.9,80,75,76.3,30,40
Bangalore,BTM Layout,date_night,8,The Pump House,brewpub,4.5,29904,PRICE_LEVEL_EXPENSIVE,3.23,4,64.7,80,79.7,35.3,30,70
Bangalore,BTM Layout,date_night,9,URU Brewpark,brewpub,4.3,24339,PRICE_LEVEL_EXPENSIVE,1.54,1,41.2,20,71.8,69.1,30,40
Bangalore,BTM Layout,date_night,10,Hotel Greenpark Bengaluru,hotel,4.8,3613,,1.36,0,28.5,0,88.1,72.8,0,0
Bangalore,BTM Layout,date_night,11,The Rameshwaram Cafe @ JP Nagar,restaurant,4.1,22850,PRICE_LEVEL_MODERATE,2.40,0,25.1,0,63.9,52,30,0
Bangalore,BTM Layout,date_night,12,Meghana Foods,south_indian_restaurant,4.3,35105,PRICE_LEVEL_MODERATE,2.96,0,25,0,71.8,40.7,30,0
Bangalore,BTM Layout,date_night,13,Bistro Claytopia,cafe,4.2,8130,PRICE_LEVEL_MODERATE,2.70,0,24.9,0,67.5,45.9,30,0
Bangalore,BTM Layout,date_night,14,HSR High Street 2.0,food_court,4.1,10568,PRICE_LEVEL_MODERATE,2.75,0,24,0,63.8,45.1,30,0
Bangalore,BTM Layout,date_night,15,Savoury Business Hotel,hotel,4.1,13575,,1.29,0,23.9,0,63.9,74.3,0,0
Bangalore,BTM Layout,date_night,16,Mykos Craft Kitchen & Bar,restaurant,4.5,5518,,2.40,0,23.5,0,78.3,52,0,0
Bangalore,BTM Layout,date_night,17,Asha Tiffins,vegetarian_restaurant,4.4,17821,PRICE_LEVEL_INEXPENSIVE,2.50,0,22.6,0,75.6,50,0,0
Bangalore,BTM Layout,date_night,18,The Palms Brew and Kitchen,brewery,4.7,5845,,3.78,0,20.8,0,85.8,24.4,0,0
Bangalore,BTM Layout,date_night,19,"Babai Tiffins, HSR Layout",vegetarian_restaurant,4.4,3847,,3.77,0,18.5,0,74.2,24.6,0,0
Bangalore,BTM Layout,date_night,20,Shivaji Military Hotel,indian_restaurant,3.8,24478,PRICE_LEVEL_MODERATE,3.92,0,18.2,0,52.2,21.6,30,0
Bangalore,BTM Layout,family,1,Taaza Thindi,south_indian_restaurant,4.6,36778,PRICE_LEVEL_INEXPENSIVE,1.95,5,87.9,100,83.7,61,100,70
Bangalore,BTM Layout,family,2,The Hole In The Wall Cafe,cafe,4.3,20698,PRICE_LEVEL_MODERATE,2.62,5,86.5,100,71.7,47.6,100,100
Bangalore,BTM Layout,family,3,Dyu Art Cafe,cafe,4.4,20752,PRICE_LEVEL_MODERATE,2.46,5,84.8,100,75.6,50.9,100,70
Bangalore,BTM Layout,family,4,Meghana Foods,south_indian_restaurant,4.3,35105,PRICE_LEVEL_MODERATE,2.96,5,79.5,100,71.8,40.7,100,40
Bangalore,BTM Layout,family,5,Bistro Claytopia,cafe,4.2,8130,PRICE_LEVEL_MODERATE,2.70,5,79.4,100,67.5,45.9,100,40
Bangalore,BTM Layout,family,6,Shivaji Military Hotel,indian_restaurant,3.8,24478,PRICE_LEVEL_MODERATE,3.92,5,72.7,100,52.2,21.6,100,40
Bangalore,BTM Layout,family,7,Asha Tiffins,vegetarian_restaurant,4.4,17821,PRICE_LEVEL_INEXPENSIVE,2.50,5,71.1,100,75.6,50,30,40
Bangalore,BTM Layout,family,8,Truffles Koramangala,restaurant,4.5,50781,PRICE_LEVEL_MODERATE,1.94,4,68.7,80,79.8,61.3,30,70
Bangalore,BTM Layout,family,9,Nahdi Mandi Restaurant Bangalore,restaurant,4.4,7914,PRICE_LEVEL_MODERATE,1.19,4,66.9,80,75,76.3,30,40
Bangalore,BTM Layout,family,10,Hotel Greenpark Bengaluru,hotel,4.8,3613,,1.36,0,28.5,0,88.1,72.8,0,0
Bangalore,BTM Layout,family,11,The Rameshwaram Cafe @ JP Nagar,restaurant,4.1,22850,PRICE_LEVEL_MODERATE,2.40,0,25.1,0,63.9,52,30,0
Bangalore,BTM Layout,family,12,URU Brewpark,brewpub,4.3,24339,PRICE_LEVEL_EXPENSIVE,1.54,0,24.7,0,71.8,69.1,0,0
Bangalore,BTM Layout,family,13,HSR High Street 2.0,food_court,4.1,10568,PRICE_LEVEL_MODERATE,2.75,0,24,0,63.8,45.1,30,0
Bangalore,BTM Layout,family,14,Savoury Business Hotel,hotel,4.1,13575,,1.29,0,23.9,0,63.9,74.3,0,0
Bangalore,BTM Layout,family,15,Mykos Craft Kitchen & Bar,restaurant,4.5,5518,,2.40,0,23.5,0,78.3,52,0,0
Bangalore,BTM Layout,family,16,PHURR | Jayanagar,fine_dining_restaurant,4.7,16734,,3.43,0,22.2,0,87.2,31.4,0,0
Bangalore,BTM Layout,family,17,The Pump House,brewpub,4.5,29904,PRICE_LEVEL_EXPENSIVE,3.23,0,21.2,0,79.7,35.3,0,0
Bangalore,BTM Layout,family,18,The Bier Library,brewpub,4.4,22440,PRICE_LEVEL_EXPENSIVE,3.06,0,21,0,75.7,38.9,0,0
Bangalore,BTM Layout,family,19,The Palms Brew and Kitchen,brewery,4.7,5845,,3.78,0,20.8,0,85.8,24.4,0,0
Bangalore,BTM Layout,family,20,"Babai Tiffins, HSR Layout",vegetarian_restaurant,4.4,3847,,3.77,0,18.5,0,74.2,24.6,0,0
Bangalore,BTM Layout,friends,1,The Hole In The Wall Cafe,cafe,4.3,20698,PRICE_LEVEL_MODERATE,2.62,5,76,100,71.7,47.6,30,100
Bangalore,BTM Layout,friends,2,Dyu Art Cafe,cafe,4.4,20752,PRICE_LEVEL_MODERATE,2.46,5,74.3,100,75.6,50.9,30,70
Bangalore,BTM Layout,friends,3,Taaza Thindi,south_indian_restaurant,4.6,36778,PRICE_LEVEL_INEXPENSIVE,1.95,5,72.9,100,83.7,61,0,70
Bangalore,BTM Layout,friends,4,The Bier Library,brewpub,4.4,22440,PRICE_LEVEL_EXPENSIVE,3.06,5,69.5,100,75.7,38.9,30,40
Bangalore,BTM Layout,friends,5,Truffles Koramangala,restaurant,4.5,50781,PRICE_LEVEL_MODERATE,1.94,4,68.7,80,79.8,61.3,30,70
Bangalore,BTM Layout,friends,6,Nahdi Mandi Restaurant Bangalore,restaurant,4.4,7914,PRICE_LEVEL_MODERATE,1.19,4,66.9,80,75,76.3,30,40
Bangalore,BTM Layout,friends,7,The Pump House,brewpub,4.5,29904,PRICE_LEVEL_EXPENSIVE,3.23,4,64.7,80,79.7,35.3,30,70
Bangalore,BTM Layout,friends,8,The Palms Brew and Kitchen,brewery,4.7,5845,,3.78,3,62.3,60,85.8,24.4,70,70
Bangalore,BTM Layout,friends,9,URU Brewpark,brewpub,4.3,24339,PRICE_LEVEL_EXPENSIVE,1.54,1,41.2,20,71.8,69.1,30,40
Bangalore,BTM Layout,friends,10,Hotel Greenpark Bengaluru,hotel,4.8,3613,,1.36,0,28.5,0,88.1,72.8,0,0
Bangalore,BTM Layout,friends,11,The Rameshwaram Cafe @ JP Nagar,restaurant,4.1,22850,PRICE_LEVEL_MODERATE,2.40,0,25.1,0,63.9,52,30,0
Bangalore,BTM Layout,friends,12,Meghana Foods,south_indian_restaurant,4.3,35105,PRICE_LEVEL_MODERATE,2.96,0,25,0,71.8,40.7,30,0
Bangalore,BTM Layout,friends,13,Bistro Claytopia,cafe,4.2,8130,PRICE_LEVEL_MODERATE,2.70,0,24.9,0,67.5,45.9,30,0
Bangalore,BTM Layout,friends,14,HSR High Street 2.0,food_court,4.1,10568,PRICE_LEVEL_MODERATE,2.75,0,24,0,63.8,45.1,30,0
Bangalore,BTM Layout,friends,15,Savoury Business Hotel,hotel,4.1,13575,,1.29,0,23.9,0,63.9,74.3,0,0
Bangalore,BTM Layout,friends,16,Mykos Craft Kitchen & Bar,restaurant,4.5,5518,,2.40,0,23.5,0,78.3,52,0,0
Bangalore,BTM Layout,friends,17,Asha Tiffins,vegetarian_restaurant,4.4,17821,PRICE_LEVEL_INEXPENSIVE,2.50,0,22.6,0,75.6,50,0,0
Bangalore,BTM Layout,friends,18,PHURR | Jayanagar,fine_dining_restaurant,4.7,16734,,3.43,0,22.2,0,87.2,31.4,0,0
Bangalore,BTM Layout,friends,19,"Babai Tiffins, HSR Layout",vegetarian_restaurant,4.4,3847,,3.77,0,18.5,0,74.2,24.6,0,0
Bangalore,BTM Layout,friends,20,Shivaji Military Hotel,indian_restaurant,3.8,24478,PRICE_LEVEL_MODERATE,3.92,0,18.2,0,52.2,21.6,30,0
Bangalore,Electronic City,date_night,1,Village Restaurant,middle_eastern_restaurant,3.9,3563,PRICE_LEVEL_MODERATE,0.93,5,72,100,56.5,81.4,30,40
Bangalore,Electronic City,date_night,2,Adyar Ananda Bhavan - A2B,vegetarian_restaurant,4.1,16402,PRICE_LEVEL_MODERATE,1.23,3,59.6,60,63.9,75.5,30,70
Bangalore,Electronic City,date_night,3,SECTOR 144 - Electronic City,pub,4.7,4482,PRICE_LEVEL_MODERATE,1.76,3,59.3,60,85.2,64.9,30,40
Bangalore,Electronic City,date_night,4,"AB's - Absolute Barbecues | Electronic City, Bangalore",barbecue_restaurant,4.4,3984,PRICE_LEVEL_MODERATE,1.80,3,56.9,60,74.2,64,30,40
Bangalore,Electronic City,date_night,5,46 Ounces Brewgarden,brewpub,4.6,16579,PRICE_LEVEL_EXPENSIVE,0.56,2,54.5,40,83.3,88.9,30,40
Bangalore,Electronic City,date_night,6,Pattikattan Biryani,south_indian_restaurant,4.2,8482,PRICE_LEVEL_MODERATE,1.18,2,49.5,40,67.6,76.3,30,40
Bangalore,Electronic City,date_night,7,Nandhana Palace - Andhra Style Restaurant - Electronic City,south_indian_restaurant,4.7,5968,PRICE_LEVEL_MODERATE,1.69,1,46.6,20,85.8,66.2,30,70
Bangalore,Electronic City,date_night,8,BLR Brewing Co - Electronic City,brewery,4.4,4518,PRICE_LEVEL_MODERATE,0.92,1,43.6,20,74.4,81.7,30,40
Bangalore,Electronic City,date_night,9,Thyme & Whisk | Pure Veg Restaurant,vegetarian_restaurant,4.7,3250,,0.92,1,41.1,20,84.3,81.5,0,40
Bangalore,Electronic City,date_night,10,"Lemon Tree Hotel, Electronic City, Bangalore",hotel,4.2,1960,,0.50,0,26.8,0,66.4,90.1,0,0
Bangalore,Electronic City,date_night,11,Ruchi Sagar Hotel,vegetarian_restaurant,3.8,5901,PRICE_LEVEL_MODERATE,1.24,0,26.3,0,52.6,75.1,30,0
Bangalore,Electronic City,date_night,12,"The Big Buffet - Eat Unlimited, Electronic City",buffet_restaurant,4.4,1728,,1.44,0,25.2,0,72.4,71.2,0,0
Bangalore,Electronic City,date_night,13,Bier Loft - Brewery | Pub | Restaurant,pub,4.6,908,,1.74,0,24.9,0,75.5,65.1,0,0
Bangalore,Electronic City,date_night,14,Mangroove Taproom & Kitchen,restaurant,4.6,2244,,2.41,0,23.7,0,79.6,51.8,0,0
Bangalore,Electronic City,date_night,15,Meghana Foods - Singasandra,indian_restaurant,4.4,8374,PRICE_LEVEL_MODERATE,4.05,0,22.4,0,75.1,18.9,30,0
Bangalore,Electronic City,date_night,16,Seasons Restaurant Electronic City,indian_restaurant,3.8,5653,,1.25,0,21.8,0,52.7,75,0,0
Bangalore,Electronic City,date_night,17,VRR Convention Center- A Luxurys Wedding Destination,convention_center,4.3,221,,2.60,0,19.9,0,63.7,47.9,0,0
Bangalore,Electronic City,date_night,18,Nandhini Deluxe - Singasandra,family_restaurant,4.2,4482,PRICE_LEVEL_MODERATE,4.70,0,18.8,0,67.2,6,30,0
Bangalore,Electronic City,date_night,19,"Keys Select By Lemon Tree Hotels, Hosur Road, Bengaluru",hotel,4.1,6398,,4.13,0,15.4,0,63.7,17.4,0,0
Bangalore,Electronic City,date_night,20,Macaw By Stories,pub,4.3,4590,,4.71,0,15,0,70.8,5.9,0,0
Bangalore,Electronic City,family,1,"The Big Buffet - Eat Unlimited, Electronic City",buffet_restaurant,4.4,1728,,1.44,5,82.7,100,72.4,71.2,70,70
Bangalore,Electronic City,family,2,Pattikattan Biryani,south_indian_restaurant,4.2,8482,PRICE_LEVEL_MODERATE,1.18,2,60,40,67.6,76.3,100,40
Bangalore,Electronic City,family,3,SECTOR 144 - Electronic City,pub,4.7,4482,PRICE_LEVEL_MODERATE,1.76,3,59.3,60,85.2,64.9,30,40
Bangalore,Electronic City,family,4,Nandhana Palace - Andhra Style Restaurant - Electronic City,south_indian_restaurant,4.7,5968,PRICE_LEVEL_MODERATE,1.69,1,57.1,20,85.8,66.2,100,70
Bangalore,Electronic City,family,5,"AB's - Absolute Barbecues | Electronic City, Bangalore",barbecue_restaurant,4.4,3984,PRICE_LEVEL_MODERATE,1.80,3,56.9,60,74.2,64,30,40
Bangalore,Electronic City,family,6,46 Ounces Brewgarden,brewpub,4.6,16579,PRICE_LEVEL_EXPENSIVE,0.56,2,50,40,83.3,88.9,0,40
Bangalore,Electronic City,family,7,Meghana Foods - Singasandra,indian_restaurant,4.4,8374,PRICE_LEVEL_MODERATE,4.05,1,44.9,20,75.1,18.9,100,40
Bangalore,Electronic City,family,8,BLR Brewing Co - Electronic City,brewery,4.4,4518,PRICE_LEVEL_MODERATE,0.92,1,43.6,20,74.4,81.7,30,40
Bangalore,Electronic City,family,9,Thyme & Whisk | Pure Veg Restaurant,vegetarian_restaurant,4.7,3250,,0.92,1,41.1,20,84.3,81.5,0,40
Bangalore,Electronic City,family,10,Seasons Restaurant Electronic City,indian_restaurant,3.8,5653,,1.25,0,32.3,0,52.7,75,70,0
Bangalore,Electronic City,family,11,Adyar Ananda Bhavan - A2B,vegetarian_restaurant,4.1,16402,PRICE_LEVEL_MODERATE,1.23,0,28.6,0,63.9,75.5,30,0
Bangalore,Electronic City,family,12,Village Restaurant,middle_eastern_restaurant,3.9,3563,PRICE_LEVEL_MODERATE,0.93,0,28,0,56.5,81.4,30,0
Bangalore,Electronic City,family,13,"Lemon Tree Hotel, Electronic City, Bangalore",hotel,4.2,1960,,0.50,0,26.8,0,66.4,90.1,0,0
Bangalore,Electronic City,family,14,Ruchi Sagar Hotel,vegetarian_restaurant,3.8,5901,PRICE_LEVEL_MODERATE,1.24,0,26.3,0,52.6,75.1,30,0
Bangalore,Electronic City,family,15,Bier Loft - Brewery | Pub | Restaurant,pub,4.6,908,,1.74,0,24.9,0,75.5,65.1,0,0
Bangalore,Electronic City,family,16,Mangroove Taproom & Kitchen,restaurant,4.6,2244,,2.41,0,23.7,0,79.6,51.8,0,0
Bangalore,Electronic City,family,17,VRR Convention Center- A Luxurys Wedding Destination,convention_center,4.3,221,,2.60,0,19.9,0,63.7,47.9,0,0
Bangalore,Electronic City,family,18,Nandhini Deluxe - Singasandra,family_restaurant,4.2,4482,PRICE_LEVEL_MODERATE,4.70,0,18.8,0,67.2,6,30,0
Bangalore,Electronic City,family,19,"Keys Select By Lemon Tree Hotels, Hosur Road, Bengaluru",hotel,4.1,6398,,4.13,0,15.4,0,63.7,17.4,0,0
Bangalore,Electronic City,family,20,Macaw By Stories,pub,4.3,4590,,4.71,0,15,0,70.8,5.9,0,0
Bangalore,Electronic City,friends,1,Village Restaurant,middle_eastern_restaurant,3.9,3563,PRICE_LEVEL_MODERATE,0.93,5,72,100,56.5,81.4,30,40
Bangalore,Electronic City,friends,2,SECTOR 144 - Electronic City,pub,4.7,4482,PRICE_LEVEL_MODERATE,1.76,3,69.8,60,85.2,64.9,100,40
Bangalore,Electronic City,friends,3,"AB's - Absolute Barbecues | Electronic City, Bangalore",barbecue_restaurant,4.4,3984,PRICE_LEVEL_MODERATE,1.80,3,67.4,60,74.2,64,100,40
Bangalore,Electronic City,friends,4,Adyar Ananda Bhavan - A2B,vegetarian_restaurant,4.1,16402,PRICE_LEVEL_MODERATE,1.23,3,59.6,60,63.9,75.5,30,70
Bangalore,Electronic City,friends,5,46 Ounces Brewgarden,brewpub,4.6,16579,PRICE_LEVEL_EXPENSIVE,0.56,2,54.5,40,83.3,88.9,30,40
Bangalore,Electronic City,friends,6,BLR Brewing Co - Electronic City,brewery,4.4,4518,PRICE_LEVEL_MODERATE,0.92,1,54.1,20,74.4,81.7,100,40
Bangalore,Electronic City,friends,7,Pattikattan Biryani,south_indian_restaurant,4.2,8482,PRICE_LEVEL_MODERATE,1.18,2,49.5,40,67.6,76.3,30,40
Bangalore,Electronic City,friends,8,Bier Loft - Brewery | Pub | Restaurant,pub,4.6,908,,1.74,1,47.4,20,75.5,65.1,70,40
Bangalore,Electronic City,friends,9,Nandhana Palace - Andhra Style Restaurant - Electronic City,south_indian_restaurant,4.7,5968,PRICE_LEVEL_MODERATE,1.69,1,46.6,20,85.8,66.2,30,70
Bangalore,Electronic City,friends,10,Thyme & Whisk | Pure Veg Restaurant,vegetarian_restaurant,4.7,3250,,0.92,1,41.1,20,84.3,81.5,0,40
Bangalore,Electronic City,friends,11,"Lemon Tree Hotel, Electronic City, Bangalore",hotel,4.2,1960,,0.50,0,26.8,0,66.4,90.1,0,0
Bangalore,Electronic City,friends,12,Ruchi Sagar Hotel,vegetarian_restaurant,3.8,5901,PRICE_LEVEL_MODERATE,1.24,0,26.3,0,52.6,75.1,30,0
Bangalore,Electronic City,friends,13,Macaw By Stories,pub,4.3,4590,,4.71,0,25.5,0,70.8,5.9,70,0
Bangalore,Electronic City,friends,14,"The Big Buffet - Eat Unlimited, Electronic City",buffet_restaurant,4.4,1728,,1.44,0,25.2,0,72.4,71.2,0,0
Bangalore,Electronic City,friends,15,Mangroove Taproom & Kitchen,restaurant,4.6,2244,,2.41,0,23.7,0,79.6,51.8,0,0
Bangalore,Electronic City,friends,16,Meghana Foods - Singasandra,indian_restaurant,4.4,8374,PRICE_LEVEL_MODERATE,4.05,0,22.4,0,75.1,18.9,30,0
Bangalore,Electronic City,friends,17,Seasons Restaurant Electronic City,indian_restaurant,3.8,5653,,1.25,0,21.8,0,52.7,75,0,0
Bangalore,Electronic City,friends,18,VRR Convention Center- A Luxurys Wedding Destination,convention_center,4.3,221,,2.60,0,19.9,0,63.7,47.9,0,0
Bangalore,Electronic City,friends,19,Nandhini Deluxe - Singasandra,family_restaurant,4.2,4482,PRICE_LEVEL_MODERATE,4.70,0,18.8,0,67.2,6,30,0
Bangalore,Electronic City,friends,20,"Keys Select By Lemon Tree Hotels, Hosur Road, Bengaluru",hotel,4.1,6398,,4.13,0,15.4,0,63.7,17.4,0,0
Bangalore,Sarjapur Road,date_night,1,Roxie,fine_dining_restaurant,4.4,8339,,2.82,5,76.1,100,75.1,43.6,70,40
Bangalore,Sarjapur Road,date_night,2,Street 1522,north_indian_restaurant,4.2,8624,PRICE_LEVEL_EXPENSIVE,1.86,5,74.4,100,67.6,62.7,30,70
Bangalore,Sarjapur Road,date_night,3,Byg Brewski Brewing Company,brewpub,4.3,45641,PRICE_LEVEL_EXPENSIVE,1.43,5,73.6,100,71.9,71.4,30,40
Bangalore,Sarjapur Road,date_night,4,Big Pitcher Sarjapur,brewery,4.5,11311,PRICE_LEVEL_MODERATE,0.99,4,71.4,80,79.2,80.3,30,70
Bangalore,Sarjapur Road,date_night,5,"The Bier Library Brewery & Kitchen, Sarjapur Road",brewpub,4.5,6667,PRICE_LEVEL_EXPENSIVE,0.89,4,68.6,80,78.6,82.3,30,40
Bangalore,Sarjapur Road,date_night,6,Sarjapur Social,restaurant,4.2,12316,PRICE_LEVEL_EXPENSIVE,1.01,2,53,40,67.7,79.9,30,70
Bangalore,Sarjapur Road,date_night,7,Biergarten Bellandur,brewpub,4.6,9415,PRICE_LEVEL_MODERATE,3.20,2,46.4,40,82.8,35.9,30,40
Bangalore,Sarjapur Road,date_night,8,La Casa Brewery + Kitchen,restaurant,4.2,9766,PRICE_LEVEL_EXPENSIVE,1.31,0,29.1,0,67.6,73.8,30,0
Bangalore,Sarjapur Road,date_night,9,Meghana Foods Sarjapur Road,south_indian_restaurant,4.5,4286,PRICE_LEVEL_MODERATE,2.70,0,27,0,77.9,46,30,0
Bangalore,Sarjapur Road,date_night,10,Anand Sweets - Sarjapur,confectionery,4.3,14805,PRICE_LEVEL_MODERATE,2.32,0,26.9,0,71.6,53.6,30,0
Bangalore,Sarjapur Road,date_night,11,The Fisherman's Wharf,indian_restaurant,4.2,21532,PRICE_LEVEL_EXPENSIVE,2.73,0,24.9,0,67.8,45.3,30,0
Bangalore,Sarjapur Road,date_night,12,Tiger Tiger Brewhouse,brewpub,4.1,1591,,1.13,0,24.2,0,63,77.5,0,0
Bangalore,Sarjapur Road,date_night,13,The Bay at Ecoworld,restaurant,4.4,3862,,2.24,0,23.1,0,74.2,55.3,0,0
Bangalore,Sarjapur Road,date_night,14,Deck of Brews- Brewery & Kitchen,brewpub,4.3,3766,PRICE_LEVEL_EXPENSIVE,3.66,0,22.6,0,70.6,26.7,30,0
Bangalore,Sarjapur Road,date_night,15,Black Pearl Barbeque Restaurant,buffet_restaurant,4.3,38436,PRICE_LEVEL_EXPENSIVE,4.32,0,20.9,0,71.8,13.5,30,0
Bangalore,Sarjapur Road,date_night,16,"Casa Fresco, HSR: All-Day Dining & Café",restaurant,4.2,3014,PRICE_LEVEL_MODERATE,4.56,0,19.2,0,66.9,8.8,30,0
Bangalore,Sarjapur Road,date_night,17,Bellandur SOCIAL,restaurant,3.9,5549,PRICE_LEVEL_EXPENSIVE,4.17,0,18.3,0,56.3,16.6,30,0
Bangalore,Sarjapur Road,date_night,18,MTR,vegetarian_restaurant,4.1,7845,PRICE_LEVEL_MODERATE,4.95,0,17.4,0,63.8,1,30,0
Bangalore,Sarjapur Road,date_night,19,"Babai Tiffins, HSR Layout",vegetarian_restaurant,4.4,3847,,4.99,0,14.9,0,74.2,0.1,0,0
Bangalore,Sarjapur Road,date_night,20,AL-DAAZ HSR LAYOUT,restaurant,4.1,26057,PRICE_LEVEL_INEXPENSIVE,4.48,0,14.4,0,63.9,10.5,0,0
Bangalore,Sarjapur Road,family,1,Street 1522,north_indian_restaurant,4.2,8624,PRICE_LEVEL_EXPENSIVE,1.86,5,80.4,100,67.6,62.7,70,70
Bangalore,Sarjapur Road,family,2,Big Pitcher Sarjapur,brewery,4.5,11311,PRICE_LEVEL_MODERATE,0.99,4,71.4,80,79.2,80.3,30,70
Bangalore,Sarjapur Road,family,3,Black Pearl Barbeque Restaurant,buffet_restaurant,4.3,38436,PRICE_LEVEL_EXPENSIVE,4.32,5,70.9,100,71.8,13.5,70,40
Bangalore,Sarjapur Road,family,4,Byg Brewski Brewing Company,brewpub,4.3,45641,PRICE_LEVEL_EXPENSIVE,1.43,5,69.1,100,71.9,71.4,0,40
Bangalore,Sarjapur Road,family,5,The Fisherman's Wharf,indian_restaurant,4.2,21532,PRICE_LEVEL_EXPENSIVE,2.73,4,66.9,80,67.8,45.3,70,40
Bangalore,Sarjapur Road,family,6,"The Bier Library Brewery & Kitchen, Sarjapur Road",brewpub,4.5,6667,PRICE_LEVEL_EXPENSIVE,0.89,4,64.1,80,78.6,82.3,0,40
Bangalore,Sarjapur Road,family,7,Sarjapur Social,restaurant,4.2,12316,PRICE_LEVEL_EXPENSIVE,1.01,2,48.5,40,67.7,79.9,0,70
Bangalore,Sarjapur Road,family,8,Biergarten Bellandur,brewpub,4.6,9415,PRICE_LEVEL_MODERATE,3.20,2,46.4,40,82.8,35.9,30,40
Bangalore,Sarjapur Road,family,9,Meghana Foods Sarjapur Road,south_indian_restaurant,4.5,4286,PRICE_LEVEL_MODERATE,2.70,0,37.5,0,77.9,46,100,0
Bangalore,Sarjapur Road,family,10,Anand Sweets - Sarjapur,confectionery,4.3,14805,PRICE_LEVEL_MODERATE,2.32,0,26.9,0,71.6,53.6,30,0
Bangalore,Sarjapur Road,family,11,La Casa Brewery + Kitchen,restaurant,4.2,9766,PRICE_LEVEL_EXPENSIVE,1.31,0,24.6,0,67.6,73.8,0,0
Bangalore,Sarjapur Road,family,12,Tiger Tiger Brewhouse,brewpub,4.1,1591,,1.13,0,24.2,0,63,77.5,0,0
Bangalore,Sarjapur Road,family,13,The Bay at Ecoworld,restaurant,4.4,3862,,2.24,0,23.1,0,74.2,55.3,0,0
Bangalore,Sarjapur Road,family,14,Roxie,fine_dining_restaurant,4.4,8339,,2.82,0,21.6,0,75.1,43.6,0,0
Bangalore,Sarjapur Road,family,15,"Casa Fresco, HSR: All-Day Dining & Café",restaurant,4.2,3014,PRICE_LEVEL_MODERATE,4.56,0,19.2,0,66.9,8.8,30,0
Bangalore,Sarjapur Road,family,16,AL-DAAZ HSR LAYOUT,restaurant,4.1,26057,PRICE_LEVEL_INEXPENSIVE,4.48,0,18.9,0,63.9,10.5,30,0
Bangalore,Sarjapur Road,family,17,Deck of Brews- Brewery & Kitchen,brewpub,4.3,3766,PRICE_LEVEL_EXPENSIVE,3.66,0,18.1,0,70.6,26.7,0,0
Bangalore,Sarjapur Road,family,18,MTR,vegetarian_restaurant,4.1,7845,PRICE_LEVEL_MODERATE,4.95,0,17.4,0,63.8,1,30,0
Bangalore,Sarjapur Road,family,19,"Babai Tiffins, HSR Layout",vegetarian_restaurant,4.4,3847,,4.99,0,14.9,0,74.2,0.1,0,0
Bangalore,Sarjapur Road,family,20,Bellandur SOCIAL,restaurant,3.9,5549,PRICE_LEVEL_EXPENSIVE,4.17,0,13.8,0,56.3,16.6,0,0
Bangalore,Sarjapur Road,friends,1,Big Pitcher Sarjapur,brewery,4.5,11311,PRICE_LEVEL_MODERATE,0.99,4,81.9,80,79.2,80.3,100,70
Bangalore,Sarjapur Road,friends,2,Street 1522,north_indian_restaurant,4.2,8624,PRICE_LEVEL_EXPENSIVE,1.86,5,74.4,100,67.6,62.7,30,70
Bangalore,Sarjapur Road,friends,3,Byg Brewski Brewing Company,brewpub,4.3,45641,PRICE_LEVEL_EXPENSIVE,1.43,5,73.6,100,71.9,71.4,30,40
Bangalore,Sarjapur Road,friends,4,"The Bier Library Brewery & Kitchen, Sarjapur Road",brewpub,4.5,6667,PRICE_LEVEL_EXPENSIVE,0.89,4,68.6,80,78.6,82.3,30,40
Bangalore,Sarjapur Road,friends,5,The Fisherman's Wharf,indian_restaurant,4.2,21532,PRICE_LEVEL_EXPENSIVE,2.73,4,60.9,80,67.8,45.3,30,40
Bangalore,Sarjapur Road,friends,6,Sarjapur Social,restaurant,4.2,12316,PRICE_LEVEL_EXPENSIVE,1.01,2,53,40,67.7,79.9,30,70
Bangalore,Sarjapur Road,friends,7,Biergarten Bellandur,brewpub,4.6,9415,PRICE_LEVEL_MODERATE,3.20,2,46.4,40,82.8,35.9,30,40
Bangalore,Sarjapur Road,friends,8,La Casa Brewery + Kitchen,restaurant,4.2,9766,PRICE_LEVEL_EXPENSIVE,1.31,0,29.1,0,67.6,73.8,30,0
Bangalore,Sarjapur Road,friends,9,Meghana Foods Sarjapur Road,south_indian_restaurant,4.5,4286,PRICE_LEVEL_MODERATE,2.70,0,27,0,77.9,46,30,0
Bangalore,Sarjapur Road,friends,10,Anand Sweets - Sarjapur,confectionery,4.3,14805,PRICE_LEVEL_MODERATE,2.32,0,26.9,0,71.6,53.6,30,0
Bangalore,Sarjapur Road,friends,11,Tiger Tiger Brewhouse,brewpub,4.1,1591,,1.13,0,24.2,0,63,77.5,0,0
Bangalore,Sarjapur Road,friends,12,The Bay at Ecoworld,restaurant,4.4,3862,,2.24,0,23.1,0,74.2,55.3,0,0
Bangalore,Sarjapur Road,friends,13,Deck of Brews- Brewery & Kitchen,brewpub,4.3,3766,PRICE_LEVEL_EXPENSIVE,3.66,0,22.6,0,70.6,26.7,30,0
Bangalore,Sarjapur Road,friends,14,Roxie,fine_dining_restaurant,4.4,8339,,2.82,0,21.6,0,75.1,43.6,0,0
Bangalore,Sarjapur Road,friends,15,Black Pearl Barbeque Restaurant,buffet_restaurant,4.3,38436,PRICE_LEVEL_EXPENSIVE,4.32,0,20.9,0,71.8,13.5,30,0
Bangalore,Sarjapur Road,friends,16,"Casa Fresco, HSR: All-Day Dining & Café",restaurant,4.2,3014,PRICE_LEVEL_MODERATE,4.56,0,19.2,0,66.9,8.8,30,0
Bangalore,Sarjapur Road,friends,17,Bellandur SOCIAL,restaurant,3.9,5549,PRICE_LEVEL_EXPENSIVE,4.17,0,18.3,0,56.3,16.6,30,0
Bangalore,Sarjapur Road,friends,18,MTR,vegetarian_restaurant,4.1,7845,PRICE_LEVEL_MODERATE,4.95,0,17.4,0,63.8,1,30,0
Bangalore,Sarjapur Road,friends,19,"Babai Tiffins, HSR Layout",vegetarian_restaurant,4.4,3847,,4.99,0,14.9,0,74.2,0.1,0,0
Bangalore,Sarjapur Road,friends,20,AL-DAAZ HSR LAYOUT,restaurant,4.1,26057,PRICE_LEVEL_INEXPENSIVE,4.48,0,14.4,0,63.9,10.5,0,0
Bangalore,Bellandur,date_night,1,Roxie,fine_dining_restaurant,4.4,8339,,1.62,5,79.6,100,75.1,67.5,70,40
Bangalore,Bellandur,date_night,2,Byg Brewski Brewing Company,brewpub,4.3,45641,PRICE_LEVEL_EXPENSIVE,1.59,5,73.1,100,71.9,68.1,30,40
Bangalore,Bellandur,date_night,3,Ironhill Bengaluru,brewery,4.7,39890,,3.71,5,68.4,100,87.7,25.8,0,70
Bangalore,Bellandur,date_night,4,Meghana Foods - Marathahalli,south_indian_restaurant,4.1,24881,PRICE_LEVEL_MODERATE,3.68,5,65.3,100,63.9,26.5,30,40
Bangalore,Bellandur,date_night,5,"The Bier Library Brewery & Kitchen, Sarjapur Road",brewpub,4.5,6667,PRICE_LEVEL_EXPENSIVE,2.34,4,64.2,80,78.6,53.1,30,40
Bangalore,Bellandur,date_night,6,The Bay at Ecoworld,restaurant,4.4,3862,,0.98,3,54.9,60,74.2,80.4,0,40
Bangalore,Bellandur,date_night,7,Biergarten Bellandur,brewpub,4.6,9415,PRICE_LEVEL_MODERATE,1.10,2,52.8,40,82.8,78,30,40
Bangalore,Bellandur,date_night,8,Sarjapur Social,restaurant,4.2,12316,PRICE_LEVEL_EXPENSIVE,2.04,2,49.9,40,67.7,59.2,30,70
Bangalore,Bellandur,date_night,9,Bellandur SOCIAL,restaurant,3.9,5549,PRICE_LEVEL_EXPENSIVE,2.41,1,35.5,20,56.3,51.8,30,40
Bangalore,Bellandur,date_night,10,Tiger Tiger Brewhouse,brewpub,4.1,1591,,1.92,0,21.8,0,63,61.6,0,0
Bangalore,Bellandur,date_night,11,AL-DAAZ HSR LAYOUT,restaurant,4.1,26057,PRICE_LEVEL_INEXPENSIVE,2.74,0,19.6,0,63.9,45.2,0,0
Bangalore,Bellandur,date_night,12,"Babai Tiffins, HSR Layout",vegetarian_restaurant,4.4,3847,,3.50,0,19.3,0,74.2,30,0,0
Bangalore,Bellandur,date_night,13,Long Boat Brewing Co.,brewery,4.5,14689,,3.92,0,19.1,0,79.3,21.6,0,0
Bangalore,Bellandur,date_night,14,Bistro Claytopia,cafe,4.2,8130,PRICE_LEVEL_MODERATE,4.65,0,19.1,0,67.5,7,30,0
Bangalore,Bellandur,date_night,15,"CHIN LUNG RESTO-BAR, KORAMANGALA",bar_and_grill,4.2,6302,PRICE_LEVEL_MODERATE,4.83,0,18.5,0,67.4,3.3,30,0
Bangalore,Bellandur,date_night,16,HSR High Street 2.0,food_court,4.1,10568,PRICE_LEVEL_MODERATE,4.68,0,18.2,0,63.8,6.4,30,0
Bangalore,Bellandur,date_night,17,Atlantis Brewery,restaurant,4.4,3293,,3.90,0,18.1,0,73.9,22.1,0,0
Bangalore,Bellandur,date_night,18,Helen’s Place Marathahalli,restaurant,4.3,3733,,3.79,0,17.8,0,70.6,24.2,0,0
Bangalore,Bellandur,date_night,19,The Leela Palace Bengaluru - Garden City's Only Modern Palace Hotel,hotel,4.6,36659,,4.88,0,17.1,0,83.7,2.4,0,0
Bangalore,Bellandur,date_night,20,Asha Tiffins,vegetarian_restaurant,4.4,17821,PRICE_LEVEL_INEXPENSIVE,4.97,0,15.2,0,75.6,0.6,0,0
Bangalore,Bellandur,family,1,Meghana Foods - Marathahalli,south_indian_restaurant,4.1,24881,PRICE_LEVEL_MODERATE,3.68,5,75.8,100,63.9,26.5,100,40
Bangalore,Bellandur,family,2,Bistro Claytopia,cafe,4.2,8130,PRICE_LEVEL_MODERATE,4.65,5,73.6,100,67.5,7,100,40
Bangalore,Bellandur,family,3,Roxie,fine_dining_restaurant,4.4,8339,,1.62,5,69.1,100,75.1,67.5,0,40
Bangalore,Bellandur,family,4,Byg Brewski Brewing Company,brewpub,4.3,45641,PRICE_LEVEL_EXPENSIVE,1.59,5,68.6,100,71.9,68.1,0,40
Bangalore,Bellandur,family,5,"The Bier Library Brewery & Kitchen, Sarjapur Road",brewpub,4.5,6667,PRICE_LEVEL_EXPENSIVE,2.34,4,59.7,80,78.6,53.1,0,40
Bangalore,Bellandur,family,6,AL-DAAZ HSR LAYOUT,restaurant,4.1,26057,PRICE_LEVEL_INEXPENSIVE,2.74,3,55.1,60,63.9,45.2,30,70
Bangalore,Bellandur,family,7,The Bay at Ecoworld,restaurant,4.4,3862,,0.98,3,54.9,60,74.2,80.4,0,40
Bangalore,Bellandur,family,8,Biergarten Bellandur,brewpub,4.6,9415,PRICE_LEVEL_MODERATE,1.10,2,52.8,40,82.8,78,30,40
Bangalore,Bellandur,family,9,Sarjapur Social,restaurant,4.2,12316,PRICE_LEVEL_EXPENSIVE,2.04,2,45.4,40,67.7,59.2,0,70
Bangalore,Bellandur,family,10,Tiger Tiger Brewhouse,brewpub,4.1,1591,,1.92,0,21.8,0,63,61.6,0,0
Bangalore,Bellandur,family,11,Ironhill Bengaluru,brewery,4.7,39890,,3.71,0,21.4,0,87.7,25.8,0,0
Bangalore,Bellandur,family,12,Asha Tiffins,vegetarian_restaurant,4.4,17821,PRICE_LEVEL_INEXPENSIVE,4.97,0,19.7,0,75.6,0.6,30,0
Bangalore,Bellandur,family,13,"Babai Tiffins, HSR Layout",vegetarian_restaurant,4.4,3847,,3.50,0,19.3,0,74.2,30,0,0
Bangalore,Bellandur,family,14,Long Boat Brewing Co.,brewery,4.5,14689,,3.92,0,19.1,0,79.3,21.6,0,0
Bangalore,Bellandur,family,15,Bellandur SOCIAL,restaurant,3.9,5549,PRICE_LEVEL_EXPENSIVE,2.41,0,19,0,56.3,51.8,0,0
Bangalore,Bellandur,family,16,"CHIN LUNG RESTO-BAR, KORAMANGALA",bar_and_grill,4.2,6302,PRICE_LEVEL_MODERATE,4.83,0,18.5,0,67.4,3.3,30,0
Bangalore,Bellandur,family,17,HSR High Street 2.0,food_court,4.1,10568,PRICE_LEVEL_MODERATE,4.68,0,18.2,0,63.8,6.4,30,0
Bangalore,Bellandur,family,18,Atlantis Brewery,restaurant,4.4,3293,,3.90,0,18.1,0,73.9,22.1,0,0
Bangalore,Bellandur,family,19,Helen’s Place Marathahalli,restaurant,4.3,3733,,3.79,0,17.8,0,70.6,24.2,0,0
Bangalore,Bellandur,family,20,The Leela Palace Bengaluru - Garden City's Only Modern Palace Hotel,hotel,4.6,36659,,4.88,0,17.1,0,83.7,2.4,0,0
Bangalore,Bellandur,friends,1,Ironhill Bengaluru,brewery,4.7,39890,,3.71,5,78.9,100,87.7,25.8,70,70
Bangalore,Bellandur,friends,2,Long Boat Brewing Co.,brewery,4.5,14689,,3.92,5,73.6,100,79.3,21.6,70,40
Bangalore,Bellandur,friends,3,Byg Brewski Brewing Company,brewpub,4.3,45641,PRICE_LEVEL_EXPENSIVE,1.59,5,73.1,100,71.9,68.1,30,40
Bangalore,Bellandur,friends,4,Roxie,fine_dining_restaurant,4.4,8339,,1.62,5,69.1,100,75.1,67.5,0,40
Bangalore,Bellandur,friends,5,"The Bier Library Brewery & Kitchen, Sarjapur Road",brewpub,4.5,6667,PRICE_LEVEL_EXPENSIVE,2.34,4,64.2,80,78.6,53.1,30,40
Bangalore,Bellandur,friends,6,The Bay at Ecoworld,restaurant,4.4,3862,,0.98,3,54.9,60,74.2,80.4,0,40
Bangalore,Bellandur,friends,7,Biergarten Bellandur,brewpub,4.6,9415,PRICE_LEVEL_MODERATE,1.10,2,52.8,40,82.8,78,30,40
Bangalore,Bellandur,friends,8,Sarjapur Social,restaurant,4.2,12316,PRICE_LEVEL_EXPENSIVE,2.04,2,49.9,40,67.7,59.2,30,70
Bangalore,Bellandur,friends,9,Bellandur SOCIAL,restaurant,3.9,5549,PRICE_LEVEL_EXPENSIVE,2.41,1,35.5,20,56.3,51.8,30,40
Bangalore,Bellandur,friends,10,Tiger Tiger Brewhouse,brewpub,4.1,1591,,1.92,0,21.8,0,63,61.6,0,0
Bangalore,Bellandur,friends,11,Meghana Foods - Marathahalli,south_indian_restaurant,4.1,24881,PRICE_LEVEL_MODERATE,3.68,0,21.3,0,63.9,26.5,30,0
Bangalore,Bellandur,friends,12,AL-DAAZ HSR LAYOUT,restaurant,4.1,26057,PRICE_LEVEL_INEXPENSIVE,2.74,0,19.6,0,63.9,45.2,0,0
Bangalore,Bellandur,friends,13,"Babai Tiffins, HSR Layout",vegetarian_restaurant,4.4,3847,,3.50,0,19.3,0,74.2,30,0,0
Bangalore,Bellandur,friends,14,Bistro Claytopia,cafe,4.2,8130,PRICE_LEVEL_MODERATE,4.65,0,19.1,0,67.5,7,30,0
Bangalore,Bellandur,friends,15,"CHIN LUNG RESTO-BAR, KORAMANGALA",bar_and_grill,4.2,6302,PRICE_LEVEL_MODERATE,4.83,0,18.5,0,67.4,3.3,30,0
Bangalore,Bellandur,friends,16,HSR High Street 2.0,food_court,4.1,10568,PRICE_LEVEL_MODERATE,4.68,0,18.2,0,63.8,6.4,30,0
Bangalore,Bellandur,friends,17,Atlantis Brewery,restaurant,4.4,3293,,3.90,0,18.1,0,73.9,22.1,0,0
Bangalore,Bellandur,friends,18,Helen’s Place Marathahalli,restaurant,4.3,3733,,3.79,0,17.8,0,70.6,24.2,0,0
Bangalore,Bellandur,friends,19,The Leela Palace Bengaluru - Garden City's Only Modern Palace Hotel,hotel,4.6,36659,,4.88,0,17.1,0,83.7,2.4,0,0
Bangalore,Bellandur,friends,20,Asha Tiffins,vegetarian_restaurant,4.4,17821,PRICE_LEVEL_INEXPENSIVE,4.97,0,15.2,0,75.6,0.6,0,0
Bangalore,MG Road,date_night,1,Bastian Garden City,seafood_restaurant,3.8,1877,PRICE_LEVEL_VERY_EXPENSIVE,0.95,5,81.9,100,53.7,80.9,100,40
Bangalore,MG Road,date_night,2,PARAGON RESTAURANT,south_indian_restaurant,4.4,6187,PRICE_LEVEL_EXPENSIVE,0.44,5,80.1,100,74.8,91.1,30,70
Bangalore,MG Road,date_night,3,Meghana Foods,south_indian_restaurant,4.3,22104,PRICE_LEVEL_MODERATE,0.41,5,76.6,100,71.7,91.7,30,40
Bangalore,MG Road,date_night,4,Nagarjuna Restaurant - Residency Road,south_indian_restaurant,4.2,22224,PRICE_LEVEL_MODERATE,0.38,5,75.9,100,67.8,92.3,30,40
Bangalore,MG Road,date_night,5,Pizza 4P's Indiranagar,italian_restaurant,4.8,10655,PRICE_LEVEL_EXPENSIVE,3.27,5,71.8,100,90.6,34.6,30,40
Bangalore,MG Road,date_night,6,Toit,brewpub,4.5,61415,PRICE_LEVEL_EXPENSIVE,3.72,5,71.3,100,79.8,25.7,30,70
Bangalore,MG Road,date_night,7,MTR,vegetarian_restaurant,4.3,39150,PRICE_LEVEL_MODERATE,3.22,5,68.2,100,71.8,35.6,30,40
Bangalore,MG Road,date_night,8,Amintiri - Cafe | Patisserie | Gifting,cafe,4.4,6745,PRICE_LEVEL_EXPENSIVE,0.42,3,64.2,60,74.9,91.6,30,70
Bangalore,MG Road,date_night,9,"The Oberoi, Bengaluru",hotel,4.7,9918,,1.30,3,56.4,60,86.7,74,0,40
Bangalore,MG Road,date_night,10,The Chancery Pavilion,hotel,4.1,19165,,1.37,0,23.7,0,63.9,72.6,0,0
Bangalore,MG Road,date_night,11,The Rameshwaram Cafe - Indiranagar,south_indian_restaurant,4.3,19863,PRICE_LEVEL_MODERATE,3.78,0,22.5,0,71.7,24.4,30,0
Bangalore,MG Road,date_night,12,Magnolia Bakery,bakery,4.3,8337,PRICE_LEVEL_VERY_EXPENSIVE,3.75,0,22.5,0,71.3,24.9,30,0
Bangalore,MG Road,date_night,13,Bob's Bar,bar,4.2,20284,PRICE_LEVEL_MODERATE,3.86,0,21.5,0,67.8,22.8,30,0
Bangalore,MG Road,date_night,14,Dyu Art Cafe,cafe,4.4,20752,PRICE_LEVEL_MODERATE,4.41,0,21.4,0,75.6,11.8,30,0
Bangalore,MG Road,date_night,15,Truffles Koramangala,restaurant,4.5,50781,PRICE_LEVEL_MODERATE,4.75,0,21.2,0,79.8,5,30,0
Bangalore,MG Road,date_night,16,The Bier Library,brewpub,4.4,22440,PRICE_LEVEL_EXPENSIVE,4.56,0,20.9,0,75.7,8.7,30,0
Bangalore,MG Road,date_night,17,Central Tiffin Room,south_indian_restaurant,4.3,37014,PRICE_LEVEL_MODERATE,4.74,0,19.6,0,71.8,5.2,30,0
Bangalore,MG Road,date_night,18,CHIN LUNG BREWERY INDIRANAGAR,brewery,4.3,2382,,3.86,0,17.4,0,69.9,22.8,0,0
Bangalore,MG Road,date_night,19,The Leela Palace Bengaluru - Garden City's Only Modern Palace Hotel,hotel,4.6,36659,,4.84,0,17.2,0,83.7,3.2,0,0
Bangalore,MG Road,date_night,20,V. V. Puram Food Street (Thindi Beedi),food_court,4.2,22865,,4.16,0,16.1,0,67.8,16.8,0,0
Bangalore,MG Road,family,1,Meghana Foods,south_indian_restaurant,4.3,22104,PRICE_LEVEL_MODERATE,0.41,5,87.1,100,71.7,91.7,100,40
Bangalore,MG Road,family,2,Nagarjuna Restaurant - Residency Road,south_indian_restaurant,4.2,22224,PRICE_LEVEL_MODERATE,0.38,5,86.4,100,67.8,92.3,100,40
Bangalore,MG Road,family,3,PARAGON RESTAURANT,south_indian_restaurant,4.4,6187,PRICE_LEVEL_EXPENSIVE,0.44,5,86.1,100,74.8,91.1,70,70
Bangalore,MG Road,family,4,The Rameshwaram Cafe - Indiranagar,south_indian_restaurant,4.3,19863,PRICE_LEVEL_MODERATE,3.78,5,83,100,71.7,24.4,100,100
Bangalore,MG Road,family,5,Dyu Art Cafe,cafe,4.4,20752,PRICE_LEVEL_MODERATE,4.41,5,78.9,100,75.6,11.8,100,70
Bangalore,MG Road,family,6,Central Tiffin Room,south_indian_restaurant,4.3,37014,PRICE_LEVEL_MODERATE,4.74,5,74.1,100,71.8,5.2,100,40
Bangalore,MG Road,family,7,Amintiri - Cafe | Patisserie | Gifting,cafe,4.4,6745,PRICE_LEVEL_EXPENSIVE,0.42,3,70.2,60,74.9,91.6,70,70
Bangalore,MG Road,family,8,MTR,vegetarian_restaurant,4.3,39150,PRICE_LEVEL_MODERATE,3.22,5,68.2,100,71.8,35.6,30,40
Bangalore,MG Road,family,9,"The Oberoi, Bengaluru",hotel,4.7,9918,,1.30,3,56.4,60,86.7,74,0,40
Bangalore,MG Road,family,10,The Chancery Pavilion,hotel,4.1,19165,,1.37,0,23.7,0,63.9,72.6,0,0
Bangalore,MG Road,family,11,Pizza 4P's Indiranagar,italian_restaurant,4.8,10655,PRICE_LEVEL_EXPENSIVE,3.27,0,23.3,0,90.6,34.6,0,0
Bangalore,MG Road,family,12,Bastian Garden City,seafood_restaurant,3.8,1877,PRICE_LEVEL_VERY_EXPENSIVE,0.95,0,22.9,0,53.7,80.9,0,0
Bangalore,MG Road,family,13,Bob's Bar,bar,4.2,20284,PRICE_LEVEL_MODERATE,3.86,0,21.5,0,67.8,22.8,30,0
Bangalore,MG Road,family,14,Truffles Koramangala,restaurant,4.5,50781,PRICE_LEVEL_MODERATE,4.75,0,21.2,0,79.8,5,30,0
Bangalore,MG Road,family,15,Toit,brewpub,4.5,61415,PRICE_LEVEL_EXPENSIVE,3.72,0,19.8,0,79.8,25.7,0,0
Bangalore,MG Road,family,16,Magnolia Bakery,bakery,4.3,8337,PRICE_LEVEL_VERY_EXPENSIVE,3.75,0,18,0,71.3,24.9,0,0
Bangalore,MG Road,family,17,CHIN LUNG BREWERY INDIRANAGAR,brewery,4.3,2382,,3.86,0,17.4,0,69.9,22.8,0,0
Bangalore,MG Road,family,18,The Leela Palace Bengaluru - Garden City's Only Modern Palace Hotel,hotel,4.6,36659,,4.84,0,17.2,0,83.7,3.2,0,0
Bangalore,MG Road,family,19,The Bier Library,brewpub,4.4,22440,PRICE_LEVEL_EXPENSIVE,4.56,0,16.4,0,75.7,8.7,0,0
Bangalore,MG Road,family,20,V. V. Puram Food Street (Thindi Beedi),food_court,4.2,22865,,4.16,0,16.1,0,67.8,16.8,0,0
Bangalore,MG Road,friends,1,PARAGON RESTAURANT,south_indian_restaurant,4.4,6187,PRICE_LEVEL_EXPENSIVE,0.44,5,80.1,100,74.8,91.1,30,70
Bangalore,MG Road,friends,2,Meghana Foods,south_indian_restaurant,4.3,22104,PRICE_LEVEL_MODERATE,0.41,5,76.6,100,71.7,91.7,30,40
Bangalore,MG Road,friends,3,Bob's Bar,bar,4.2,20284,PRICE_LEVEL_MODERATE,3.86,5,76,100,67.8,22.8,100,40
Bangalore,MG Road,friends,4,Nagarjuna Restaurant - Residency Road,south_indian_restaurant,4.2,22224,PRICE_LEVEL_MODERATE,0.38,5,75.9,100,67.8,92.3,30,40
Bangalore,MG Road,friends,5,Pizza 4P's Indiranagar,italian_restaurant,4.8,10655,PRICE_LEVEL_EXPENSIVE,3.27,5,71.8,100,90.6,34.6,30,40
Bangalore,MG Road,friends,6,Toit,brewpub,4.5,61415,PRICE_LEVEL_EXPENSIVE,3.72,5,71.3,100,79.8,25.7,30,70
Bangalore,MG Road,friends,7,MTR,vegetarian_restaurant,4.3,39150,PRICE_LEVEL_MODERATE,3.22,5,68.2,100,71.8,35.6,30,40
Bangalore,MG Road,friends,8,Amintiri - Cafe | Patisserie | Gifting,cafe,4.4,6745,PRICE_LEVEL_EXPENSIVE,0.42,3,64.2,60,74.9,91.6,30,70
Bangalore,MG Road,friends,9,"The Oberoi, Bengaluru",hotel,4.7,9918,,1.30,3,56.4,60,86.7,74,0,40
Bangalore,MG Road,friends,10,CHIN LUNG BREWERY INDIRANAGAR,brewery,4.3,2382,,3.86,3,55.9,60,69.9,22.8,70,40
Bangalore,MG Road,friends,11,The Chancery Pavilion,hotel,4.1,19165,,1.37,0,23.7,0,63.9,72.6,0,0
Bangalore,MG Road,friends,12,Bastian Garden City,seafood_restaurant,3.8,1877,PRICE_LEVEL_VERY_EXPENSIVE,0.95,0,22.9,0,53.7,80.9,0,0
Bangalore,MG Road,friends,13,The Rameshwaram Cafe - Indiranagar,south_indian_restaurant,4.3,19863,PRICE_LEVEL_MODERATE,3.78,0,22.5,0,71.7,24.4,30,0
Bangalore,MG Road,friends,14,Dyu Art Cafe,cafe,4.4,20752,PRICE_LEVEL_MODERATE,4.41,0,21.4,0,75.6,11.8,30,0
Bangalore,MG Road,friends,15,Truffles Koramangala,restaurant,4.5,50781,PRICE_LEVEL_MODERATE,4.75,0,21.2,0,79.8,5,30,0
Bangalore,MG Road,friends,16,The Bier Library,brewpub,4.4,22440,PRICE_LEVEL_EXPENSIVE,4.56,0,20.9,0,75.7,8.7,30,0
Bangalore,MG Road,friends,17,Central Tiffin Room,south_indian_restaurant,4.3,37014,PRICE_LEVEL_MODERATE,4.74,0,19.6,0,71.8,5.2,30,0
Bangalore,MG Road,friends,18,Magnolia Bakery,bakery,4.3,8337,PRICE_LEVEL_VERY_EXPENSIVE,3.75,0,18,0,71.3,24.9,0,0
Bangalore,MG Road,friends,19,The Leela Palace Bengaluru - Garden City's Only Modern Palace Hotel,hotel,4.6,36659,,4.84,0,17.2,0,83.7,3.2,0,0
Bangalore,MG Road,friends,20,V. V. Puram Food Street (Thindi Beedi),food_court,4.2,22865,,4.16,0,16.1,0,67.8,16.8,0,0
Bangalore,Church Street,date_night,1,Bastian Garden City,seafood_restaurant,3.8,1877,PRICE_LEVEL_VERY_EXPENSIVE,1.02,5,81.7,100,53.7,79.6,100,40
Bangalore,Church Street,date_night,2,PARAGON RESTAURANT,south_indian_restaurant,4.4,6187,PRICE_LEVEL_EXPENSIVE,0.60,5,79.6,100,74.8,87.9,30,70
Bangalore,Church Street,date_night,3,Meghana Foods,south_indian_restaurant,4.3,22104,PRICE_LEVEL_MODERATE,0.24,5,77.1,100,71.7,95.3,30,40
Bangalore,Church Street,date_night,4,Nagarjuna Restaurant - Residency Road,south_indian_restaurant,4.2,22224,PRICE_LEVEL_MODERATE,0.20,5,76.5,100,67.8,96,30,40
Bangalore,Church Street,date_night,5,Pizza 4P's Indiranagar,italian_restaurant,4.8,10655,PRICE_LEVEL_EXPENSIVE,3.09,5,72.3,100,90.6,38.1,30,40
Bangalore,Church Street,date_night,6,Toit,brewpub,4.5,61415,PRICE_LEVEL_EXPENSIVE,3.57,5,71.8,100,79.8,28.6,30,70
Bangalore,Church Street,date_night,7,MTR,vegetarian_restaurant,4.3,39150,PRICE_LEVEL_MODERATE,3.27,5,68.1,100,71.8,34.6,30,40
Bangalore,Church Street,date_night,8,Amintiri - Cafe | Patisserie | Gifting,cafe,4.4,6745,PRICE_LEVEL_EXPENSIVE,0.54,3,63.9,60,74.9,89.3,30,70
Bangalore,Church Street,date_night,9,"The Oberoi, Bengaluru",hotel,4.7,9918,,1.12,3,57,60,86.7,77.5,0,40
Bangalore,Church Street,date_night,10,The Chancery Pavilion,hotel,4.1,19165,,1.41,0,23.6,0,63.9,71.8,0,0
Bangalore,Church Street,date_night,11,Magnolia Bakery,bakery,4.3,8337,PRICE_LEVEL_VERY_EXPENSIVE,3.58,0,23,0,71.3,28.4,30,0
Bangalore,Church Street,date_night,12,The Rameshwaram Cafe - Indiranagar,south_indian_restaurant,4.3,19863,PRICE_LEVEL_MODERATE,3.64,0,22.9,0,71.7,27.2,30,0
Bangalore,Church Street,date_night,13,Bob's Bar,bar,4.2,20284,PRICE_LEVEL_MODERATE,3.68,0,22,0,67.8,26.4,30,0
Bangalore,Church Street,date_night,14,Dyu Art Cafe,cafe,4.4,20752,PRICE_LEVEL_MODERATE,4.27,0,21.8,0,75.6,14.6,30,0
Bangalore,Church Street,date_night,15,Truffles Koramangala,restaurant,4.5,50781,PRICE_LEVEL_MODERATE,4.63,0,21.6,0,79.8,7.5,30,0
Bangalore,Church Street,date_night,16,The Bier Library,brewpub,4.4,22440,PRICE_LEVEL_EXPENSIVE,4.40,0,21.4,0,75.7,12,30,0
Bangalore,Church Street,date_night,17,Central Tiffin Room,south_indian_restaurant,4.3,37014,PRICE_LEVEL_MODERATE,4.93,0,19.1,0,71.8,1.4,30,0
Bangalore,Church Street,date_night,18,CHIN LUNG BREWERY INDIRANAGAR,brewery,4.3,2382,,3.68,0,17.9,0,69.9,26.4,0,0
Bangalore,Church Street,date_night,19,The Leela Palace Bengaluru - Garden City's Only Modern Palace Hotel,hotel,4.6,36659,,4.65,0,17.8,0,83.7,6.9,0,0
Bangalore,Church Street,date_night,20,V. V. Puram Food Street (Thindi Beedi),food_court,4.2,22865,,4.22,0,15.9,0,67.8,15.6,0,0
Bangalore,Church Street,family,1,Meghana Foods,south_indian_restaurant,4.3,22104,PRICE_LEVEL_MODERATE,0.24,5,87.6,100,71.7,95.3,100,40
Bangalore,Church Street,family,2,Nagarjuna Restaurant - Residency Road,south_indian_restaurant,4.2,22224,PRICE_LEVEL_MODERATE,0.20,5,87,100,67.8,96,100,40
Bangalore,Church Street,family,3,PARAGON RESTAURANT,south_indian_restaurant,4.4,6187,PRICE_LEVEL_EXPENSIVE,0.60,5,85.6,100,74.8,87.9,70,70
Bangalore,Church Street,family,4,The Rameshwaram Cafe - Indiranagar,south_indian_restaurant,4.3,19863,PRICE_LEVEL_MODERATE,3.64,5,83.4,100,71.7,27.2,100,100
Bangalore,Church Street,family,5,Dyu Art Cafe,cafe,4.4,20752,PRICE_LEVEL_MODERATE,4.27,5,79.3,100,75.6,14.6,100,70
Bangalore,Church Street,family,6,Central Tiffin Room,south_indian_restaurant,4.3,37014,PRICE_LEVEL_MODERATE,4.93,5,73.6,100,71.8,1.4,100,40
Bangalore,Church Street,family,7,Amintiri - Cafe | Patisserie | Gifting,cafe,4.4,6745,PRICE_LEVEL_EXPENSIVE,0.54,3,69.9,60,74.9,89.3,70,70
Bangalore,Church Street,family,8,MTR,vegetarian_restaurant,4.3,39150,PRICE_LEVEL_MODERATE,3.27,5,68.1,100,71.8,34.6,30,40
Bangalore,Church Street,family,9,Pizza 4P's Indiranagar,italian_restaurant,4.8,10655,PRICE_LEVEL_EXPENSIVE,3.09,5,67.8,100,90.6,38.1,0,40
Bangalore,Church Street,family,10,"The Oberoi, Bengaluru",hotel,4.7,9918,,1.12,3,57,60,86.7,77.5,0,40
Bangalore,Church Street,family,11,The Chancery Pavilion,hotel,4.1,19165,,1.41,0,23.6,0,63.9,71.8,0,0
Bangalore,Church Street,family,12,Bastian Garden City,seafood_restaurant,3.8,1877,PRICE_LEVEL_VERY_EXPENSIVE,1.02,0,22.7,0,53.7,79.6,0,0
Bangalore,Church Street,family,13,Bob's Bar,bar,4.2,20284,PRICE_LEVEL_MODERATE,3.68,0,22,0,67.8,26.4,30,0
Bangalore,Church Street,family,14,Truffles Koramangala,restaurant,4.5,50781,PRICE_LEVEL_MODERATE,4.63,0,21.6,0,79.8,7.5,30,0
Bangalore,Church Street,family,15,Toit,brewpub,4.5,61415,PRICE_LEVEL_EXPENSIVE,3.57,0,20.3,0,79.8,28.6,0,0
Bangalore,Church Street,family,16,Magnolia Bakery,bakery,4.3,8337,PRICE_LEVEL_VERY_EXPENSIVE,3.58,0,18.5,0,71.3,28.4,0,0
Bangalore,Church Street,family,17,CHIN LUNG BREWERY INDIRANAGAR,brewery,4.3,2382,,3.68,0,17.9,0,69.9,26.4,0,0
Bangalore,Church Street,family,18,The Leela Palace Bengaluru - Garden City's Only Modern Palace Hotel,hotel,4.6,36659,,4.65,0,17.8,0,83.7,6.9,0,0
Bangalore,Church Street,family,19,The Bier Library,brewpub,4.4,22440,PRICE_LEVEL_EXPENSIVE,4.40,0,16.9,0,75.7,12,0,0
Bangalore,Church Street,family,20,V. V. Puram Food Street (Thindi Beedi),food_court,4.2,22865,,4.22,0,15.9,0,67.8,15.6,0,0
Bangalore,Church Street,friends,1,PARAGON RESTAURANT,south_indian_restaurant,4.4,6187,PRICE_LEVEL_EXPENSIVE,0.60,5,79.6,100,74.8,87.9,30,70
Bangalore,Church Street,friends,2,Meghana Foods,south_indian_restaurant,4.3,22104,PRICE_LEVEL_MODERATE,0.24,5,77.1,100,71.7,95.3,30,40
Bangalore,Church Street,friends,3,Bob's Bar,bar,4.2,20284,PRICE_LEVEL_MODERATE,3.68,5,76.5,100,67.8,26.4,100,40
Bangalore,Church Street,friends,4,Nagarjuna Restaurant - Residency Road,south_indian_restaurant,4.2,22224,PRICE_LEVEL_MODERATE,0.20,5,76.5,100,67.8,96,30,40
Bangalore,Church Street,friends,5,Pizza 4P's Indiranagar,italian_restaurant,4.8,10655,PRICE_LEVEL_EXPENSIVE,3.09,5,72.3,100,90.6,38.1,30,40
Bangalore,Church Street,friends,6,Toit,brewpub,4.5,61415,PRICE_LEVEL_EXPENSIVE,3.57,5,71.8,100,79.8,28.6,30,70
Bangalore,Church Street,friends,7,MTR,vegetarian_restaurant,4.3,39150,PRICE_LEVEL_MODERATE,3.27,5,68.1,100,71.8,34.6,30,40
Bangalore,Church Street,friends,8,Amintiri - Cafe | Patisserie | Gifting,cafe,4.4,6745,PRICE_LEVEL_EXPENSIVE,0.54,3,63.9,60,74.9,89.3,30,70
Bangalore,Church Street,friends,9,"The Oberoi, Bengaluru",hotel,4.7,9918,,1.12,3,57,60,86.7,77.5,0,40
Bangalore,Church Street,friends,10,CHIN LUNG BREWERY INDIRANAGAR,brewery,4.3,2382,,3.68,3,56.4,60,69.9,26.4,70,40
Bangalore,Church Street,friends,11,The Chancery Pavilion,hotel,4.1,19165,,1.41,0,23.6,0,63.9,71.8,0,0
Bangalore,Church Street,friends,12,The Rameshwaram Cafe - Indiranagar,south_indian_restaurant,4.3,19863,PRICE_LEVEL_MODERATE,3.64,0,22.9,0,71.7,27.2,30,0
Bangalore,Church Street,friends,13,Bastian Garden City,seafood_restaurant,3.8,1877,PRICE_LEVEL_VERY_EXPENSIVE,1.02,0,22.7,0,53.7,79.6,0,0
Bangalore,Church Street,friends,14,Dyu Art Cafe,cafe,4.4,20752,PRICE_LEVEL_MODERATE,4.27,0,21.8,0,75.6,14.6,30,0
Bangalore,Church Street,friends,15,Truffles Koramangala,restaurant,4.5,50781,PRICE_LEVEL_MODERATE,4.63,0,21.6,0,79.8,7.5,30,0
Bangalore,Church Street,friends,16,The Bier Library,brewpub,4.4,22440,PRICE_LEVEL_EXPENSIVE,4.40,0,21.4,0,75.7,12,30,0
Bangalore,Church Street,friends,17,Central Tiffin Room,south_indian_restaurant,4.3,37014,PRICE_LEVEL_MODERATE,4.93,0,19.1,0,71.8,1.4,30,0
Bangalore,Church Street,friends,18,Magnolia Bakery,bakery,4.3,8337,PRICE_LEVEL_VERY_EXPENSIVE,3.58,0,18.5,0,71.3,28.4,0,0
Bangalore,Church Street,friends,19,The Leela Palace Bengaluru - Garden City's Only Modern Palace Hotel,hotel,4.6,36659,,4.65,0,17.8,0,83.7,6.9,0,0
Bangalore,Church Street,friends,20,V. V. Puram Food Street (Thindi Beedi),food_court,4.2,22865,,4.22,0,15.9,0,67.8,15.6,0,0
Bangalore,Malleshwaram,date_night,1,Central Tiffin Room,south_indian_restaurant,4.3,37014,PRICE_LEVEL_MODERATE,0.95,5,75,100,71.8,80.9,30,40
Bangalore,Malleshwaram,date_night,2,Hallimane Restaurant,south_indian_restaurant,4,25642,PRICE_LEVEL_MODERATE,1.29,5,74.6,100,60,74.2,30,70
Bangalore,Malleshwaram,date_night,3,The Rameshwaram Cafe,south_indian_restaurant,4.1,15997,PRICE_LEVEL_MODERATE,1.58,5,74.5,100,63.9,68.4,30,70
Bangalore,Malleshwaram,date_night,4,Hotel Sagar,fast_food_restaurant,4.2,23381,PRICE_LEVEL_MODERATE,1.96,5,74.2,100,67.8,60.8,30,70
Bangalore,Malleshwaram,date_night,5,Veena Stores,breakfast_restaurant,4.3,20942,PRICE_LEVEL_INEXPENSIVE,0.13,5,73,100,71.7,97.5,0,40
Bangalore,Malleshwaram,date_night,6,High Ultra Lounge,lounge_bar,4.1,7761,PRICE_LEVEL_VERY_EXPENSIVE,1.54,3,58.6,60,63.8,69.2,30,70
Bangalore,Malleshwaram,date_night,7,Empire Restaurant Majestic,north_indian_restaurant,4.5,27428,PRICE_LEVEL_MODERATE,3.07,2,46.2,40,79.6,38.5,30,40
Bangalore,Malleshwaram,date_night,8,HOTEL ADITYA,restaurant,4.4,7458,PRICE_LEVEL_MODERATE,2.80,1,41.1,20,75,44,30,70
Bangalore,Malleshwaram,date_night,9,Byg Brewski Brewing Company - Yeshwanthpur,brewpub,4.3,4080,PRICE_LEVEL_EXPENSIVE,2.93,1,36.8,20,70.7,41.3,30,40
Bangalore,Malleshwaram,date_night,10,Truffles - Sanjaynagar,restaurant,4.4,21382,PRICE_LEVEL_MODERATE,2.42,0,27.3,0,75.6,51.5,30,0
Bangalore,Malleshwaram,date_night,11,Hotel Navayuga,south_indian_restaurant,4.2,6834,PRICE_LEVEL_MODERATE,3.47,0,22.6,0,67.5,30.5,30,0
Bangalore,Malleshwaram,date_night,12,National Gallery of Modern Art (Bengaluru),art_museum,4.3,1839,,2.81,0,20.4,0,69.4,43.7,0,0
Bangalore,Malleshwaram,date_night,13,Hard Rock Cafe Bengaluru,american_restaurant,4.4,16861,PRICE_LEVEL_VERY_EXPENSIVE,4.89,0,19.9,0,75.5,2.3,30,0
Bangalore,Malleshwaram,date_night,14,Eden Park Restaurant,restaurant,4,8557,PRICE_LEVEL_MODERATE,4.10,0,19.2,0,60,17.9,30,0
Bangalore,Malleshwaram,date_night,15,Jayamahal Palace Hotel,hotel,4.2,8296,,3.29,0,18.6,0,67.5,34.2,0,0
Bangalore,Malleshwaram,date_night,16,Al Zara Mandi Arabian Restaurant,restaurant,4.2,8067,PRICE_LEVEL_MODERATE,4.94,0,18.2,0,67.5,1.1,30,0
Bangalore,Malleshwaram,date_night,17,"Fortune Park JP Celestial, Bengaluru - Member ITC hotels' group",hotel,4,6065,,2.98,0,18.1,0,60,40.5,0,0
Bangalore,Malleshwaram,date_night,18,Hotel Maurya,hotel,4,5630,,2.99,0,18,0,60,40.2,0,0
Bangalore,Malleshwaram,date_night,19,"One8 Commune, Bangalore",north_indian_restaurant,4,1756,PRICE_LEVEL_VERY_EXPENSIVE,4.70,0,17.4,0,60,5.9,30,0
Bangalore,Malleshwaram,date_night,20,Victory Cinema,movie_theater,4.6,6267,,5.00,0,16.5,0,82.2,0.1,0,0
Bangalore,Malleshwaram,family,1,Central Tiffin Room,south_indian_restaurant,4.3,37014,PRICE_LEVEL_MODERATE,0.95,5,85.5,100,71.8,80.9,100,40
Bangalore,Malleshwaram,family,2,Hallimane Restaurant,south_indian_restaurant,4,25642,PRICE_LEVEL_MODERATE,1.29,5,85.1,100,60,74.2,100,70
Bangalore,Malleshwaram,family,3,The Rameshwaram Cafe,south_indian_restaurant,4.1,15997,PRICE_LEVEL_MODERATE,1.58,5,85,100,63.9,68.4,100,70
Bangalore,Malleshwaram,family,4,Hotel Sagar,fast_food_restaurant,4.2,23381,PRICE_LEVEL_MODERATE,1.96,5,84.7,100,67.8,60.8,100,70
Bangalore,Malleshwaram,family,5,Veena Stores,breakfast_restaurant,4.3,20942,PRICE_LEVEL_INEXPENSIVE,0.13,5,77.5,100,71.7,97.5,30,40
Bangalore,Malleshwaram,family,6,Hotel Navayuga,south_indian_restaurant,4.2,6834,PRICE_LEVEL_MODERATE,3.47,5,77.1,100,67.5,30.5,100,40
Bangalore,Malleshwaram,family,7,Empire Restaurant Majestic,north_indian_restaurant,4.5,27428,PRICE_LEVEL_MODERATE,3.07,2,56.7,40,79.6,38.5,100,40
Bangalore,Malleshwaram,family,8,HOTEL ADITYA,restaurant,4.4,7458,PRICE_LEVEL_MODERATE,2.80,1,41.1,20,75,44,30,70
Bangalore,Malleshwaram,family,9,"One8 Commune, Bangalore",north_indian_restaurant,4,1756,PRICE_LEVEL_VERY_EXPENSIVE,4.70,1,35.4,20,60,5.9,70,40
Bangalore,Malleshwaram,family,10,Truffles - Sanjaynagar,restaurant,4.4,21382,PRICE_LEVEL_MODERATE,2.42,0,27.3,0,75.6,51.5,30,0
Bangalore,Malleshwaram,family,11,High Ultra Lounge,lounge_bar,4.1,7761,PRICE_LEVEL_VERY_EXPENSIVE,1.54,0,23.1,0,63.8,69.2,0,0
Bangalore,Malleshwaram,family,12,National Gallery of Modern Art (Bengaluru),art_museum,4.3,1839,,2.81,0,20.4,0,69.4,43.7,0,0
Bangalore,Malleshwaram,family,13,Byg Brewski Brewing Company - Yeshwanthpur,brewpub,4.3,4080,PRICE_LEVEL_EXPENSIVE,2.93,0,20.3,0,70.7,41.3,0,0
Bangalore,Malleshwaram,family,14,Eden Park Restaurant,restaurant,4,8557,PRICE_LEVEL_MODERATE,4.10,0,19.2,0,60,17.9,30,0
Bangalore,Malleshwaram,family,15,Jayamahal Palace Hotel,hotel,4.2,8296,,3.29,0,18.6,0,67.5,34.2,0,0
Bangalore,Malleshwaram,family,16,Al Zara Mandi Arabian Restaurant,restaurant,4.2,8067,PRICE_LEVEL_MODERATE,4.94,0,18.2,0,67.5,1.1,30,0
Bangalore,Malleshwaram,family,17,"Fortune Park JP Celestial, Bengaluru - Member ITC hotels' group",hotel,4,6065,,2.98,0,18.1,0,60,40.5,0,0
Bangalore,Malleshwaram,family,18,Hotel Maurya,hotel,4,5630,,2.99,0,18,0,60,40.2,0,0
Bangalore,Malleshwaram,family,19,Victory Cinema,movie_theater,4.6,6267,,5.00,0,16.5,0,82.2,0.1,0,0
Bangalore,Malleshwaram,family,20,Hard Rock Cafe Bengaluru,american_restaurant,4.4,16861,PRICE_LEVEL_VERY_EXPENSIVE,4.89,0,15.4,0,75.5,2.3,0,0
Bangalore,Malleshwaram,friends,1,Central Tiffin Room,south_indian_restaurant,4.3,37014,PRICE_LEVEL_MODERATE,0.95,5,75,100,71.8,80.9,30,40
Bangalore,Malleshwaram,friends,2,Hallimane Restaurant,south_indian_restaurant,4,25642,PRICE_LEVEL_MODERATE,1.29,5,74.6,100,60,74.2,30,70
Bangalore,Malleshwaram,friends,3,The Rameshwaram Cafe,south_indian_restaurant,4.1,15997,PRICE_LEVEL_MODERATE,1.58,5,74.5,100,63.9,68.4,30,70
Bangalore,Malleshwaram,friends,4,Hotel Sagar,fast_food_restaurant,4.2,23381,PRICE_LEVEL_MODERATE,1.96,5,74.2,100,67.8,60.8,30,70
Bangalore,Malleshwaram,friends,5,Veena Stores,breakfast_restaurant,4.3,20942,PRICE_LEVEL_INEXPENSIVE,0.13,5,73,100,71.7,97.5,0,40
Bangalore,Malleshwaram,friends,6,Hard Rock Cafe Bengaluru,american_restaurant,4.4,16861,PRICE_LEVEL_VERY_EXPENSIVE,4.89,5,72.9,100,75.5,2.3,70,70
Bangalore,Malleshwaram,friends,7,Empire Restaurant Majestic,north_indian_restaurant,4.5,27428,PRICE_LEVEL_MODERATE,3.07,2,46.2,40,79.6,38.5,30,40
Bangalore,Malleshwaram,friends,8,HOTEL ADITYA,restaurant,4.4,7458,PRICE_LEVEL_MODERATE,2.80,1,41.1,20,75,44,30,70
Bangalore,Malleshwaram,friends,9,Byg Brewski Brewing Company - Yeshwanthpur,brewpub,4.3,4080,PRICE_LEVEL_EXPENSIVE,2.93,1,36.8,20,70.7,41.3,30,40
Bangalore,Malleshwaram,friends,10,Truffles - Sanjaynagar,restaurant,4.4,21382,PRICE_LEVEL_MODERATE,2.42,0,27.3,0,75.6,51.5,30,0
Bangalore,Malleshwaram,friends,11,High Ultra Lounge,lounge_bar,4.1,7761,PRICE_LEVEL_VERY_EXPENSIVE,1.54,0,23.1,0,63.8,69.2,0,0
Bangalore,Malleshwaram,friends,12,Hotel Navayuga,south_indian_restaurant,4.2,6834,PRICE_LEVEL_MODERATE,3.47,0,22.6,0,67.5,30.5,30,0
Bangalore,Malleshwaram,friends,13,National Gallery of Modern Art (Bengaluru),art_museum,4.3,1839,,2.81,0,20.4,0,69.4,43.7,0,0
Bangalore,Malleshwaram,friends,14,Eden Park Restaurant,restaurant,4,8557,PRICE_LEVEL_MODERATE,4.10,0,19.2,0,60,17.9,30,0
Bangalore,Malleshwaram,friends,15,Jayamahal Palace Hotel,hotel,4.2,8296,,3.29,0,18.6,0,67.5,34.2,0,0
Bangalore,Malleshwaram,friends,16,Al Zara Mandi Arabian Restaurant,restaurant,4.2,8067,PRICE_LEVEL_MODERATE,4.94,0,18.2,0,67.5,1.1,30,0
Bangalore,Malleshwaram,friends,17,"Fortune Park JP Celestial, Bengaluru - Member ITC hotels' group",hotel,4,6065,,2.98,0,18.1,0,60,40.5,0,0
Bangalore,Malleshwaram,friends,18,Hotel Maurya,hotel,4,5630,,2.99,0,18,0,60,40.2,0,0
Bangalore,Malleshwaram,friends,19,Victory Cinema,movie_theater,4.6,6267,,5.00,0,16.5,0,82.2,0.1,0,0
Bangalore,Malleshwaram,friends,20,"One8 Commune, Bangalore",north_indian_restaurant,4,1756,PRICE_LEVEL_VERY_EXPENSIVE,4.70,0,12.9,0,60,5.9,0,0
Bangalore,Rajajinagar,date_night,1,Hotel Sagar,fast_food_restaurant,4.2,23381,PRICE_LEVEL_MODERATE,0.59,5,78.3,100,67.8,88.2,30,70
Bangalore,Rajajinagar,date_night,2,The Rameshwaram Cafe,south_indian_restaurant,4.1,15997,PRICE_LEVEL_MODERATE,1.88,5,73.6,100,63.9,62.4,30,70
Bangalore,Rajajinagar,date_night,3,Hallimane Restaurant,south_indian_restaurant,4,25642,PRICE_LEVEL_MODERATE,1.83,5,73,100,60,63.4,30,70
Bangalore,Rajajinagar,date_night,4,Central Tiffin Room,south_indian_restaurant,4.3,37014,PRICE_LEVEL_MODERATE,1.71,5,72.7,100,71.8,65.9,30,40
Bangalore,Rajajinagar,date_night,5,Hotel Navayuga,south_indian_restaurant,4.2,6834,PRICE_LEVEL_MODERATE,2.77,5,68.7,100,67.5,44.6,30,40
Bangalore,Rajajinagar,date_night,6,Veena Stores,breakfast_restaurant,4.3,20942,PRICE_LEVEL_INEXPENSIVE,2.18,5,66.8,100,71.7,56.4,0,40
Bangalore,Rajajinagar,date_night,7,High Ultra Lounge,lounge_bar,4.1,7761,PRICE_LEVEL_VERY_EXPENSIVE,2.31,3,56.3,60,63.8,53.8,30,70
Bangalore,Rajajinagar,date_night,8,Empire Restaurant Majestic,north_indian_restaurant,4.5,27428,PRICE_LEVEL_MODERATE,2.50,2,47.9,40,79.6,50,30,40
Bangalore,Rajajinagar,date_night,9,HOTEL ADITYA,restaurant,4.4,7458,PRICE_LEVEL_MODERATE,1.89,1,43.8,20,75,62.1,30,70
Bangalore,Rajajinagar,date_night,10,Victory Cinema,movie_theater,4.6,6267,,2.90,0,22.8,0,82.2,42.1,0,0
Bangalore,Rajajinagar,date_night,11,Byg Brewski Brewing Company - Yeshwanthpur,brewpub,4.3,4080,PRICE_LEVEL_EXPENSIVE,3.72,0,22.5,0,70.7,25.6,30,0
Bangalore,Rajajinagar,date_night,12,Brahmins' Coffee Bar,south_indian_restaurant,4.5,23114,PRICE_LEVEL_MODERATE,4.42,0,22.2,0,79.6,11.6,30,0
Bangalore,Rajajinagar,date_night,13,Truffles - Sanjaynagar,restaurant,4.4,21382,PRICE_LEVEL_MODERATE,4.52,0,21.1,0,75.6,9.7,30,0
Bangalore,Rajajinagar,date_night,14,RG Royal Hotel,hotel,4.3,9621,,2.89,0,20.6,0,71.4,42.1,0,0
Bangalore,Rajajinagar,date_night,15,"Fortune Park JP Celestial, Bengaluru - Member ITC hotels' group",hotel,4,6065,,2.52,0,19.4,0,60,49.5,0,0
Bangalore,Rajajinagar,date_night,16,Hotel Maurya,hotel,4,5630,,2.58,0,19.2,0,60,48.3,0,0
Bangalore,Rajajinagar,date_night,17,National Gallery of Modern Art (Bengaluru),art_museum,4.3,1839,,3.55,0,18.2,0,69.4,29.1,0,0
Bangalore,Rajajinagar,date_night,18,Eden Park Restaurant,restaurant,4,8557,PRICE_LEVEL_MODERATE,4.76,0,17.2,0,60,4.9,30,0
Bangalore,Rajajinagar,date_night,19,Gopalan Mall Sirsi Circle,shopping_mall,4.1,18153,,3.70,0,16.7,0,63.9,26,0,0
Bangalore,Rajajinagar,date_night,20,Jayamahal Palace Hotel,hotel,4.2,8296,,4.65,0,14.6,0,67.5,7,0,0
Bangalore,Rajajinagar,family,1,Hotel Sagar,fast_food_restaurant,4.2,23381,PRICE_LEVEL_MODERATE,0.59,5,88.8,100,67.8,88.2,100,70
Bangalore,Rajajinagar,family,2,The Rameshwaram Cafe,south_indian_restaurant,4.1,15997,PRICE_LEVEL_MODERATE,1.88,5,84.1,100,63.9,62.4,100,70
Bangalore,Rajajinagar,family,3,Hallimane Restaurant,south_indian_restaurant,4,25642,PRICE_LEVEL_MODERATE,1.83,5,83.5,100,60,63.4,100,70
Bangalore,Rajajinagar,family,4,Central Tiffin Room,south_indian_restaurant,4.3,37014,PRICE_LEVEL_MODERATE,1.71,5,83.2,100,71.8,65.9,100,40
Bangalore,Rajajinagar,family,5,Hotel Navayuga,south_indian_restaurant,4.2,6834,PRICE_LEVEL_MODERATE,2.77,5,79.2,100,67.5,44.6,100,40
Bangalore,Rajajinagar,family,6,Veena Stores,breakfast_restaurant,4.3,20942,PRICE_LEVEL_INEXPENSIVE,2.18,5,71.3,100,71.7,56.4,30,40
Bangalore,Rajajinagar,family,7,Brahmins' Coffee Bar,south_indian_restaurant,4.5,23114,PRICE_LEVEL_MODERATE,4.42,3,63.7,60,79.6,11.6,100,70
Bangalore,Rajajinagar,family,8,Empire Restaurant Majestic,north_indian_restaurant,4.5,27428,PRICE_LEVEL_MODERATE,2.50,2,58.4,40,79.6,50,100,40
Bangalore,Rajajinagar,family,9,HOTEL ADITYA,restaurant,4.4,7458,PRICE_LEVEL_MODERATE,1.89,1,43.8,20,75,62.1,30,70
Bangalore,Rajajinagar,family,10,Victory Cinema,movie_theater,4.6,6267,,2.90,0,22.8,0,82.2,42.1,0,0
Bangalore,Rajajinagar,family,11,Truffles - Sanjaynagar,restaurant,4.4,21382,PRICE_LEVEL_MODERATE,4.52,0,21.1,0,75.6,9.7,30,0
Bangalore,Rajajinagar,family,12,High Ultra Lounge,lounge_bar,4.1,7761,PRICE_LEVEL_VERY_EXPENSIVE,2.31,0,20.8,0,63.8,53.8,0,0
Bangalore,Rajajinagar,family,13,RG Royal Hotel,hotel,4.3,9621,,2.89,0,20.6,0,71.4,42.1,0,0
Bangalore,Rajajinagar,family,14,"Fortune Park JP Celestial, Bengaluru - Member ITC hotels' group",hotel,4,6065,,2.52,0,19.4,0,60,49.5,0,0
Bangalore,Rajajinagar,family,15,Hotel Maurya,hotel,4,5630,,2.58,0,19.2,0,60,48.3,0,0
Bangalore,Rajajinagar,family,16,National Gallery of Modern Art (Bengaluru),art_museum,4.3,1839,,3.55,0,18.2,0,69.4,29.1,0,0
Bangalore,Rajajinagar,family,17,Byg Brewski Brewing Company - Yeshwanthpur,brewpub,4.3,4080,PRICE_LEVEL_EXPENSIVE,3.72,0,18,0,70.7,25.6,0,0
Bangalore,Rajajinagar,family,18,Eden Park Restaurant,restaurant,4,8557,PRICE_LEVEL_MODERATE,4.76,0,17.2,0,60,4.9,30,0
Bangalore,Rajajinagar,family,19,Gopalan Mall Sirsi Circle,shopping_mall,4.1,18153,,3.70,0,16.7,0,63.9,26,0,0
Bangalore,Rajajinagar,family,20,Jayamahal Palace Hotel,hotel,4.2,8296,,4.65,0,14.6,0,67.5,7,0,0
Bangalore,Rajajinagar,friends,1,Hotel Sagar,fast_food_restaurant,4.2,23381,PRICE_LEVEL_MODERATE,0.59,5,78.3,100,67.8,88.2,30,70
Bangalore,Rajajinagar,friends,2,The Rameshwaram Cafe,south_indian_restaurant,4.1,15997,PRICE_LEVEL_MODERATE,1.88,5,73.6,100,63.9,62.4,30,70
Bangalore,Rajajinagar,friends,3,Hallimane Restaurant,south_indian_restaurant,4,25642,PRICE_LEVEL_MODERATE,1.83,5,73,100,60,63.4,30,70
Bangalore,Rajajinagar,friends,4,Central Tiffin Room,south_indian_restaurant,4.3,37014,PRICE_LEVEL_MODERATE,1.71,5,72.7,100,71.8,65.9,30,40
Bangalore,Rajajinagar,friends,5,Hotel Navayuga,south_indian_restaurant,4.2,6834,PRICE_LEVEL_MODERATE,2.77,5,68.7,100,67.5,44.6,30,40
Bangalore,Rajajinagar,friends,6,Veena Stores,breakfast_restaurant,4.3,20942,PRICE_LEVEL_INEXPENSIVE,2.18,5,66.8,100,71.7,56.4,0,40
Bangalore,Rajajinagar,friends,7,Empire Restaurant Majestic,north_indian_restaurant,4.5,27428,PRICE_LEVEL_MODERATE,2.50,2,47.9,40,79.6,50,30,40
Bangalore,Rajajinagar,friends,8,HOTEL ADITYA,restaurant,4.4,7458,PRICE_LEVEL_MODERATE,1.89,1,43.8,20,75,62.1,30,70
Bangalore,Rajajinagar,friends,9,Byg Brewski Brewing Company - Yeshwanthpur,brewpub,4.3,4080,PRICE_LEVEL_EXPENSIVE,3.72,1,34.5,20,70.7,25.6,30,40
Bangalore,Rajajinagar,friends,10,Victory Cinema,movie_theater,4.6,6267,,2.90,0,22.8,0,82.2,42.1,0,0
Bangalore,Rajajinagar,friends,11,Brahmins' Coffee Bar,south_indian_restaurant,4.5,23114,PRICE_LEVEL_MODERATE,4.42,0,22.2,0,79.6,11.6,30,0
Bangalore,Rajajinagar,friends,12,Truffles - Sanjaynagar,restaurant,4.4,21382,PRICE_LEVEL_MODERATE,4.52,0,21.1,0,75.6,9.7,30,0
Bangalore,Rajajinagar,friends,13,High Ultra Lounge,lounge_bar,4.1,7761,PRICE_LEVEL_VERY_EXPENSIVE,2.31,0,20.8,0,63.8,53.8,0,0
Bangalore,Rajajinagar,friends,14,RG Royal Hotel,hotel,4.3,9621,,2.89,0,20.6,0,71.4,42.1,0,0
Bangalore,Rajajinagar,friends,15,"Fortune Park JP Celestial, Bengaluru - Member ITC hotels' group",hotel,4,6065,,2.52,0,19.4,0,60,49.5,0,0
Bangalore,Rajajinagar,friends,16,Hotel Maurya,hotel,4,5630,,2.58,0,19.2,0,60,48.3,0,0
Bangalore,Rajajinagar,friends,17,National Gallery of Modern Art (Bengaluru),art_museum,4.3,1839,,3.55,0,18.2,0,69.4,29.1,0,0
Bangalore,Rajajinagar,friends,18,Eden Park Restaurant,restaurant,4,8557,PRICE_LEVEL_MODERATE,4.76,0,17.2,0,60,4.9,30,0
Bangalore,Rajajinagar,friends,19,Gopalan Mall Sirsi Circle,shopping_mall,4.1,18153,,3.70,0,16.7,0,63.9,26,0,0
Bangalore,Rajajinagar,friends,20,Jayamahal Palace Hotel,hotel,4.2,8296,,4.65,0,14.6,0,67.5,7,0,0
Bangalore,Banashankari,date_night,1,PHURR | Jayanagar,fine_dining_restaurant,4.7,16734,,3.32,5,77,100,87.2,33.6,70,40
Bangalore,Banashankari,date_night,2,Neemsi Restaurant | JP Nagar,vegetarian_restaurant,4.8,13114,,3.76,5,68.9,100,90.8,24.7,0,70
Bangalore,Banashankari,date_night,3,Vidyarthi Bhavan,south_indian_restaurant,4.2,57365,PRICE_LEVEL_MODERATE,2.95,5,68.2,100,67.9,40.9,30,40
Bangalore,Banashankari,date_night,4,Meghana Foods,south_indian_restaurant,4.3,35105,PRICE_LEVEL_MODERATE,3.36,5,67.8,100,71.8,32.8,30,40
Bangalore,Banashankari,date_night,5,Shivaji Military Hotel,indian_restaurant,3.8,24478,PRICE_LEVEL_MODERATE,2.34,5,66.9,100,52.2,53.3,30,40
Bangalore,Banashankari,date_night,6,The Pump House,brewpub,4.5,29904,PRICE_LEVEL_EXPENSIVE,3.70,4,63.4,80,79.7,26.1,30,70
Bangalore,Banashankari,date_night,7,Brahmins' Coffee Bar,south_indian_restaurant,4.5,23114,PRICE_LEVEL_MODERATE,3.63,3,55.5,60,79.6,27.4,30,70
Bangalore,Banashankari,date_night,8,Empire Restaurant Jayanagar,restaurant,4.3,38350,PRICE_LEVEL_MODERATE,3.16,2,44.4,40,71.8,36.8,30,40
Bangalore,Banashankari,date_night,9,Shokudo - Jayanagar,restaurant,4.6,5849,,3.49,2,43.9,40,82.1,30.1,0,70
Bangalore,Banashankari,date_night,10,Bob's Bar - JP Nagar,pub,4.2,4922,PRICE_LEVEL_MODERATE,3.79,0,21.6,0,67.3,24.2,30,0
Bangalore,Banashankari,date_night,11,MTR,vegetarian_restaurant,4.3,39150,PRICE_LEVEL_MODERATE,4.83,0,19.4,0,71.8,3.4,30,0
Bangalore,Banashankari,date_night,12,Bengaluru Cafe,south_indian_restaurant,4.4,14574,PRICE_LEVEL_INEXPENSIVE,3.65,0,19.2,0,75.5,27,0,0
Bangalore,Banashankari,date_night,13,The Palms Brew and Kitchen,brewery,4.7,5845,,4.38,0,19,0,85.8,12.4,0,0
Bangalore,Banashankari,date_night,14,Indian Biere House,brewpub,4.7,6463,,4.42,0,18.9,0,86,11.6,0,0
Bangalore,Banashankari,date_night,15,Taaza Thindi,south_indian_restaurant,4.6,36778,PRICE_LEVEL_INEXPENSIVE,4.31,0,18.8,0,83.7,13.9,0,0
Bangalore,Banashankari,date_night,16,The Rameshwaram Cafe @ JP Nagar,restaurant,4.1,22850,PRICE_LEVEL_MODERATE,4.50,0,18.8,0,63.9,10.1,30,0
Bangalore,Banashankari,date_night,17,Uncle Egg Rice Corner,fast_food_restaurant,3.5,4226,,1.78,0,18.1,0,42.1,64.3,0,0
Bangalore,Banashankari,date_night,18,V. V. Puram Food Street (Thindi Beedi),food_court,4.2,22865,,3.90,0,16.9,0,67.8,22,0,0
Bangalore,Banashankari,date_night,19,Gopalan Mall Sirsi Circle,shopping_mall,4.1,18153,,3.71,0,16.7,0,63.9,25.8,0,0
Bangalore,Banashankari,date_night,20,Gopalan Arcade Mall,shopping_mall,4,45202,,4.07,0,14.8,0,60,18.5,0,0
Bangalore,Banashankari,family,1,Taaza Thindi,south_indian_restaurant,4.6,36778,PRICE_LEVEL_INEXPENSIVE,4.31,5,80.8,100,83.7,13.9,100,70
Bangalore,Banashankari,family,2,Vidyarthi Bhavan,south_indian_restaurant,4.2,57365,PRICE_LEVEL_MODERATE,2.95,5,78.7,100,67.9,40.9,100,40
Bangalore,Banashankari,family,3,Meghana Foods,south_indian_restaurant,4.3,35105,PRICE_LEVEL_MODERATE,3.36,5,78.3,100,71.8,32.8,100,40
Bangalore,Banashankari,family,4,Bengaluru Cafe,south_indian_restaurant,4.4,14574,PRICE_LEVEL_INEXPENSIVE,3.65,5,78.2,100,75.5,27,100,40
Bangalore,Banashankari,family,5,Shivaji Military Hotel,indian_restaurant,3.8,24478,PRICE_LEVEL_MODERATE,2.34,5,77.4,100,52.2,53.3,100,40
Bangalore,Banashankari,family,6,Neemsi Restaurant | JP Nagar,vegetarian_restaurant,4.8,13114,,3.76,5,68.9,100,90.8,24.7,0,70
Bangalore,Banashankari,family,7,PHURR | Jayanagar,fine_dining_restaurant,4.7,16734,,3.32,5,66.5,100,87.2,33.6,0,40
Bangalore,Banashankari,family,8,Brahmins' Coffee Bar,south_indian_restaurant,4.5,23114,PRICE_LEVEL_MODERATE,3.63,3,66,60,79.6,27.4,100,70
Bangalore,Banashankari,family,9,Uncle Egg Rice Corner,fast_food_restaurant,3.5,4226,,1.78,2,51.6,40,42.1,64.3,70,70
Bangalore,Banashankari,family,10,Empire Restaurant Jayanagar,restaurant,4.3,38350,PRICE_LEVEL_MODERATE,3.16,2,44.4,40,71.8,36.8,30,40
Bangalore,Banashankari,family,11,Bob's Bar - JP Nagar,pub,4.2,4922,PRICE_LEVEL_MODERATE,3.79,0,21.6,0,67.3,24.2,30,0
Bangalore,Banashankari,family,12,Shokudo - Jayanagar,restaurant,4.6,5849,,3.49,0,20.9,0,82.1,30.1,0,0
Bangalore,Banashankari,family,13,The Pump House,brewpub,4.5,29904,PRICE_LEVEL_EXPENSIVE,3.70,0,19.9,0,79.7,26.1,0,0
Bangalore,Banashankari,family,14,MTR,vegetarian_restaurant,4.3,39150,PRICE_LEVEL_MODERATE,4.83,0,19.4,0,71.8,3.4,30,0
Bangalore,Banashankari,family,15,The Palms Brew and Kitchen,brewery,4.7,5845,,4.38,0,19,0,85.8,12.4,0,0
Bangalore,Banashankari,family,16,Indian Biere House,brewpub,4.7,6463,,4.42,0,18.9,0,86,11.6,0,0
Bangalore,Banashankari,family,17,The Rameshwaram Cafe @ JP Nagar,restaurant,4.1,22850,PRICE_LEVEL_MODERATE,4.50,0,18.8,0,63.9,10.1,30,0
Bangalore,Banashankari,family,18,V. V. Puram Food Street (Thindi Beedi),food_court,4.2,22865,,3.90,0,16.9,0,67.8,22,0,0
Bangalore,Banashankari,family,19,Gopalan Mall Sirsi Circle,shopping_mall,4.1,18153,,3.71,0,16.7,0,63.9,25.8,0,0
Bangalore,Banashankari,family,20,Gopalan Arcade Mall,shopping_mall,4,45202,,4.07,0,14.8,0,60,18.5,0,0
Bangalore,Banashankari,friends,1,Neemsi Restaurant | JP Nagar,vegetarian_restaurant,4.8,13114,,3.76,5,68.9,100,90.8,24.7,0,70
Bangalore,Banashankari,friends,2,Vidyarthi Bhavan,south_indian_restaurant,4.2,57365,PRICE_LEVEL_MODERATE,2.95,5,68.2,100,67.9,40.9,30,40
Bangalore,Banashankari,friends,3,Meghana Foods,south_indian_restaurant,4.3,35105,PRICE_LEVEL_MODERATE,3.36,5,67.8,100,71.8,32.8,30,40
Bangalore,Banashankari,friends,4,Shivaji Military Hotel,indian_restaurant,3.8,24478,PRICE_LEVEL_MODERATE,2.34,5,66.9,100,52.2,53.3,30,40
Bangalore,Banashankari,friends,5,PHURR | Jayanagar,fine_dining_restaurant,4.7,16734,,3.32,5,66.5,100,87.2,33.6,0,40
Bangalore,Banashankari,friends,6,The Pump House,brewpub,4.5,29904,PRICE_LEVEL_EXPENSIVE,3.70,4,63.4,80,79.7,26.1,30,70
Bangalore,Banashankari,friends,7,The Palms Brew and Kitchen,brewery,4.7,5845,,4.38,3,60.5,60,85.8,12.4,70,70
Bangalore,Banashankari,friends,8,Brahmins' Coffee Bar,south_indian_restaurant,4.5,23114,PRICE_LEVEL_MODERATE,3.63,3,55.5,60,79.6,27.4,30,70
Bangalore,Banashankari,friends,9,Empire Restaurant Jayanagar,restaurant,4.3,38350,PRICE_LEVEL_MODERATE,3.16,2,44.4,40,71.8,36.8,30,40
Bangalore,Banashankari,friends,10,Bob's Bar - JP Nagar,pub,4.2,4922,PRICE_LEVEL_MODERATE,3.79,0,32.1,0,67.3,24.2,100,0
Bangalore,Banashankari,friends,11,Shokudo - Jayanagar,restaurant,4.6,5849,,3.49,0,20.9,0,82.1,30.1,0,0
Bangalore,Banashankari,friends,12,MTR,vegetarian_restaurant,4.3,39150,PRICE_LEVEL_MODERATE,4.83,0,19.4,0,71.8,3.4,30,0
Bangalore,Banashankari,friends,13,Bengaluru Cafe,south_indian_restaurant,4.4,14574,PRICE_LEVEL_INEXPENSIVE,3.65,0,19.2,0,75.5,27,0,0
Bangalore,Banashankari,friends,14,Indian Biere House,brewpub,4.7,6463,,4.42,0,18.9,0,86,11.6,0,0
Bangalore,Banashankari,friends,15,Taaza Thindi,south_indian_restaurant,4.6,36778,PRICE_LEVEL_INEXPENSIVE,4.31,0,18.8,0,83.7,13.9,0,0
Bangalore,Banashankari,friends,16,The Rameshwaram Cafe @ JP Nagar,restaurant,4.1,22850,PRICE_LEVEL_MODERATE,4.50,0,18.8,0,63.9,10.1,30,0
Bangalore,Banashankari,friends,17,Uncle Egg Rice Corner,fast_food_restaurant,3.5,4226,,1.78,0,18.1,0,42.1,64.3,0,0
Bangalore,Banashankari,friends,18,V. V. Puram Food Street (Thindi Beedi),food_court,4.2,22865,,3.90,0,16.9,0,67.8,22,0,0
Bangalore,Banashankari,friends,19,Gopalan Mall Sirsi Circle,shopping_mall,4.1,18153,,3.71,0,16.7,0,63.9,25.8,0,0
Bangalore,Banashankari,friends,20,Gopalan Arcade Mall,shopping_mall,4,45202,,4.07,0,14.8,0,60,18.5,0,0
Bangalore,Hebbal,date_night,1,Empire Restaurant,north_indian_restaurant,4.2,29687,PRICE_LEVEL_MODERATE,2.18,5,73.5,100,67.9,56.4,30,70
Bangalore,Hebbal,date_night,2,ICB INDIAN CRAFT BREWERY,brewpub,4.8,6900,,2.17,5,70.5,100,89.8,56.6,0,40
Bangalore,Hebbal,date_night,3,Chulha Chauki da Dhaba | Kalyan Nagar,north_indian_restaurant,4.4,12765,PRICE_LEVEL_MODERATE,3.93,5,66.8,100,75.4,21.4,30,40
Bangalore,Hebbal,date_night,4,Milano Ice Cream,dessert_shop,4.5,7812,PRICE_LEVEL_MODERATE,2.53,4,66.7,80,78.8,49.4,30,70
Bangalore,Hebbal,date_night,5,Madurai Pandi Mess - MPM®,south_indian_restaurant,4.6,8446,PRICE_LEVEL_MODERATE,4.47,4,61.6,80,82.7,10.5,30,70
Bangalore,Hebbal,date_night,6,Candles Brewhouse,brewery,4.5,4534,,2.21,1,36,20,78,55.9,0,40
Bangalore,Hebbal,date_night,7,Peepai Brewery & Kitchen,brewpub,4.5,4703,PRICE_LEVEL_EXPENSIVE,2.25,0,28.4,0,78.1,55,30,0
Bangalore,Hebbal,date_night,8,Truffles - Sanjaynagar,restaurant,4.4,21382,PRICE_LEVEL_MODERATE,2.72,0,26.5,0,75.6,45.6,30,0
Bangalore,Hebbal,date_night,9,Swathi Gardenia,south_indian_restaurant,3.9,20813,PRICE_LEVEL_MODERATE,2.62,0,22.9,0,56.1,47.6,30,0
Bangalore,Hebbal,date_night,10,Patels Inn Club & Resort,association_or_organization,4,9449,,1.62,0,22.2,0,60,67.7,0,0
Bangalore,Hebbal,date_night,11,Nahdi Mandi Restaurant,middle_eastern_restaurant,4.6,4027,PRICE_LEVEL_MODERATE,4.69,0,21.7,0,81.3,6.1,30,0
Bangalore,Hebbal,date_night,12,Al Zara Mandi Arabian Restaurant,restaurant,4.2,8067,PRICE_LEVEL_MODERATE,4.31,0,20.1,0,67.5,13.7,30,0
Bangalore,Hebbal,date_night,13,ROX,restaurant,4.3,415,,3.00,0,19.1,0,65.4,40,0,0
Bangalore,Hebbal,date_night,14,BAMBOO RESTAURANT,indian_restaurant,4.2,8579,PRICE_LEVEL_MODERATE,4.82,0,18.6,0,67.6,3.6,30,0
Bangalore,Hebbal,date_night,15,Silaa The Garden Cafe Malleshwara,cafe,4.7,3998,,4.48,0,18.5,0,84.9,10.3,0,0
Bangalore,Hebbal,date_night,16,The Brown Table,bistro,4.3,849,,3.41,0,18.3,0,67.6,31.7,0,0
Bangalore,Hebbal,date_night,17,Empire Restaurant | Kammanahalli,north_indian_restaurant,4.1,32769,PRICE_LEVEL_MODERATE,4.80,0,17.9,0,63.9,4.1,30,0
Bangalore,Hebbal,date_night,18,Veena Stores,breakfast_restaurant,4.3,20942,PRICE_LEVEL_INEXPENSIVE,4.50,0,15.9,0,71.7,10.1,0,0
Bangalore,Hebbal,date_night,19,Jayamahal Palace Hotel,hotel,4.2,8296,,4.29,0,15.6,0,67.5,14.1,0,0
Bangalore,Hebbal,date_night,20,Bengaluru Cafe,south_indian_restaurant,4.2,2356,,4.29,0,15.5,0,66.6,14.3,0,0
Bangalore,Hebbal,family,1,Empire Restaurant,north_indian_restaurant,4.2,29687,PRICE_LEVEL_MODERATE,2.18,5,84,100,67.9,56.4,100,70
Bangalore,Hebbal,family,2,Chulha Chauki da Dhaba | Kalyan Nagar,north_indian_restaurant,4.4,12765,PRICE_LEVEL_MODERATE,3.93,5,77.3,100,75.4,21.4,100,40
Bangalore,Hebbal,family,3,BAMBOO RESTAURANT,indian_restaurant,4.2,8579,PRICE_LEVEL_MODERATE,4.82,5,76.1,100,67.6,3.6,100,70
Bangalore,Hebbal,family,4,Empire Restaurant | Kammanahalli,north_indian_restaurant,4.1,32769,PRICE_LEVEL_MODERATE,4.80,5,72.4,100,63.9,4.1,100,40
Bangalore,Hebbal,family,5,Madurai Pandi Mess - MPM®,south_indian_restaurant,4.6,8446,PRICE_LEVEL_MODERATE,4.47,4,72.1,80,82.7,10.5,100,70
Bangalore,Hebbal,family,6,ICB INDIAN CRAFT BREWERY,brewpub,4.8,6900,,2.17,5,70.5,100,89.8,56.6,0,40
Bangalore,Hebbal,family,7,Milano Ice Cream,dessert_shop,4.5,7812,PRICE_LEVEL_MODERATE,2.53,4,66.7,80,78.8,49.4,30,70
Bangalore,Hebbal,family,8,Swathi Gardenia,south_indian_restaurant,3.9,20813,PRICE_LEVEL_MODERATE,2.62,0,33.4,0,56.1,47.6,100,0
Bangalore,Hebbal,family,9,Silaa The Garden Cafe Malleshwara,cafe,4.7,3998,,4.48,0,29,0,84.9,10.3,70,0
Bangalore,Hebbal,family,10,Truffles - Sanjaynagar,restaurant,4.4,21382,PRICE_LEVEL_MODERATE,2.72,0,26.5,0,75.6,45.6,30,0
Bangalore,Hebbal,family,11,Bengaluru Cafe,south_indian_restaurant,4.2,2356,,4.29,0,26,0,66.6,14.3,70,0
Bangalore,Hebbal,family,12,Candles Brewhouse,brewery,4.5,4534,,2.21,0,24,0,78,55.9,0,0
Bangalore,Hebbal,family,13,Peepai Brewery & Kitchen,brewpub,4.5,4703,PRICE_LEVEL_EXPENSIVE,2.25,0,23.9,0,78.1,55,0,0
Bangalore,Hebbal,family,14,Patels Inn Club & Resort,association_or_organization,4,9449,,1.62,0,22.2,0,60,67.7,0,0
Bangalore,Hebbal,family,15,Nahdi Mandi Restaurant,middle_eastern_restaurant,4.6,4027,PRICE_LEVEL_MODERATE,4.69,0,21.7,0,81.3,6.1,30,0
Bangalore,Hebbal,family,16,Veena Stores,breakfast_restaurant,4.3,20942,PRICE_LEVEL_INEXPENSIVE,4.50,0,20.4,0,71.7,10.1,30,0
Bangalore,Hebbal,family,17,Al Zara Mandi Arabian Restaurant,restaurant,4.2,8067,PRICE_LEVEL_MODERATE,4.31,0,20.1,0,67.5,13.7,30,0
Bangalore,Hebbal,family,18,ROX,restaurant,4.3,415,,3.00,0,19.1,0,65.4,40,0,0
Bangalore,Hebbal,family,19,The Brown Table,bistro,4.3,849,,3.41,0,18.3,0,67.6,31.7,0,0
Bangalore,Hebbal,family,20,Jayamahal Palace Hotel,hotel,4.2,8296,,4.29,0,15.6,0,67.5,14.1,0,0
Bangalore,Hebbal,friends,1,Empire Restaurant,north_indian_restaurant,4.2,29687,PRICE_LEVEL_MODERATE,2.18,5,73.5,100,67.9,56.4,30,70
Bangalore,Hebbal,friends,2,ICB INDIAN CRAFT BREWERY,brewpub,4.8,6900,,2.17,5,70.5,100,89.8,56.6,0,40
Bangalore,Hebbal,friends,3,Chulha Chauki da Dhaba | Kalyan Nagar,north_indian_restaurant,4.4,12765,PRICE_LEVEL_MODERATE,3.93,5,66.8,100,75.4,21.4,30,40
Bangalore,Hebbal,friends,4,Milano Ice Cream,dessert_shop,4.5,7812,PRICE_LEVEL_MODERATE,2.53,4,66.7,80,78.8,49.4,30,70
Bangalore,Hebbal,friends,5,Madurai Pandi Mess - MPM®,south_indian_restaurant,4.6,8446,PRICE_LEVEL_MODERATE,4.47,4,61.6,80,82.7,10.5,30,70
Bangalore,Hebbal,friends,6,Candles Brewhouse,brewery,4.5,4534,,2.21,1,46.5,20,78,55.9,70,40
Bangalore,Hebbal,friends,7,Peepai Brewery & Kitchen,brewpub,4.5,4703,PRICE_LEVEL_EXPENSIVE,2.25,0,28.4,0,78.1,55,30,0
Bangalore,Hebbal,friends,8,Truffles - Sanjaynagar,restaurant,4.4,21382,PRICE_LEVEL_MODERATE,2.72,0,26.5,0,75.6,45.6,30,0
Bangalore,Hebbal,friends,9,Swathi Gardenia,south_indian_restaurant,3.9,20813,PRICE_LEVEL_MODERATE,2.62,0,22.9,0,56.1,47.6,30,0
Bangalore,Hebbal,friends,10,Patels Inn Club & Resort,association_or_organization,4,9449,,1.62,0,22.2,0,60,67.7,0,0
Bangalore,Hebbal,friends,11,Nahdi Mandi Restaurant,middle_eastern_restaurant,4.6,4027,PRICE_LEVEL_MODERATE,4.69,0,21.7,0,81.3,6.1,30,0
Bangalore,Hebbal,friends,12,Al Zara Mandi Arabian Restaurant,restaurant,4.2,8067,PRICE_LEVEL_MODERATE,4.31,0,20.1,0,67.5,13.7,30,0
Bangalore,Hebbal,friends,13,ROX,restaurant,4.3,415,,3.00,0,19.1,0,65.4,40,0,0
Bangalore,Hebbal,friends,14,BAMBOO RESTAURANT,indian_restaurant,4.2,8579,PRICE_LEVEL_MODERATE,4.82,0,18.6,0,67.6,3.6,30,0
Bangalore,Hebbal,friends,15,Silaa The Garden Cafe Malleshwara,cafe,4.7,3998,,4.48,0,18.5,0,84.9,10.3,0,0
Bangalore,Hebbal,friends,16,The Brown Table,bistro,4.3,849,,3.41,0,18.3,0,67.6,31.7,0,0
Bangalore,Hebbal,friends,17,Empire Restaurant | Kammanahalli,north_indian_restaurant,4.1,32769,PRICE_LEVEL_MODERATE,4.80,0,17.9,0,63.9,4.1,30,0
Bangalore,Hebbal,friends,18,Veena Stores,breakfast_restaurant,4.3,20942,PRICE_LEVEL_INEXPENSIVE,4.50,0,15.9,0,71.7,10.1,0,0
Bangalore,Hebbal,friends,19,Jayamahal Palace Hotel,hotel,4.2,8296,,4.29,0,15.6,0,67.5,14.1,0,0
Bangalore,Hebbal,friends,20,Bengaluru Cafe,south_indian_restaurant,4.2,2356,,4.29,0,15.5,0,66.6,14.3,0,0
Bangalore,Frazer Town,date_night,1,Bastian Garden City,seafood_restaurant,3.8,1877,PRICE_LEVEL_VERY_EXPENSIVE,3.77,5,73.4,100,53.7,24.6,100,40
Bangalore,Frazer Town,date_night,2,PARAGON RESTAURANT,south_indian_restaurant,4.4,6187,PRICE_LEVEL_EXPENSIVE,3.12,5,72.1,100,74.8,37.6,30,70
Bangalore,Frazer Town,date_night,3,Toit,brewpub,4.5,61415,PRICE_LEVEL_EXPENSIVE,3.70,5,71.4,100,79.8,26,30,70
Bangalore,Frazer Town,date_night,4,Pizza 4P's Indiranagar,italian_restaurant,4.8,10655,PRICE_LEVEL_EXPENSIVE,4.16,5,69.2,100,90.6,16.9,30,40
Bangalore,Frazer Town,date_night,5,Meghana Foods,south_indian_restaurant,4.3,22104,PRICE_LEVEL_MODERATE,3.14,5,68.4,100,71.7,37.2,30,40
Bangalore,Frazer Town,date_night,6,Nagarjuna Restaurant - Residency Road,south_indian_restaurant,4.2,22224,PRICE_LEVEL_MODERATE,3.11,5,67.7,100,67.8,37.8,30,40
Bangalore,Frazer Town,date_night,7,Nahdi Mandi Restaurant,middle_eastern_restaurant,4.6,4027,PRICE_LEVEL_MODERATE,2.67,4,63.8,80,81.3,46.6,30,40
Bangalore,Frazer Town,date_night,8,Al Amanah cafe and Restaurant,middle_eastern_restaurant,4.2,24171,PRICE_LEVEL_MODERATE,3.19,4,62.5,80,67.8,36.2,30,70
Bangalore,Frazer Town,date_night,9,Amintiri - Cafe | Patisserie | Gifting,cafe,4.4,6745,PRICE_LEVEL_EXPENSIVE,3.23,3,55.8,60,74.9,35.4,30,70
Bangalore,Frazer Town,date_night,10,Truffles - Indiranagar,american_restaurant,4.5,20598,PRICE_LEVEL_MODERATE,3.61,2,50.6,40,79.5,27.9,30,100
Bangalore,Frazer Town,date_night,11,"The Oberoi, Bengaluru",hotel,4.7,9918,,3.05,0,23.2,0,86.7,39.1,0,0
Bangalore,Frazer Town,date_night,12,The Rameshwaram Cafe - Indiranagar,south_indian_restaurant,4.3,19863,PRICE_LEVEL_MODERATE,3.58,0,23.1,0,71.7,28.5,30,0
Bangalore,Frazer Town,date_night,13,Meghana Foods Indira Nagar,indian_restaurant,4.3,21593,PRICE_LEVEL_MODERATE,3.58,0,23.1,0,71.7,28.4,30,0
Bangalore,Frazer Town,date_night,14,Magnolia Bakery,bakery,4.3,8337,PRICE_LEVEL_VERY_EXPENSIVE,4.45,0,20.4,0,71.3,10.9,30,0
Bangalore,Frazer Town,date_night,15,Central Tiffin Room,south_indian_restaurant,4.3,37014,PRICE_LEVEL_MODERATE,4.86,0,19.3,0,71.8,2.9,30,0
Bangalore,Frazer Town,date_night,16,ICB INDIAN CRAFT BREWERY,brewpub,4.8,6900,,4.58,0,19.2,0,89.8,8.3,0,0
Bangalore,Frazer Town,date_night,17,Bob's Bar,bar,4.2,20284,PRICE_LEVEL_MODERATE,4.73,0,18.9,0,67.8,5.3,30,0
Bangalore,Frazer Town,date_night,18,Hallimane Restaurant,south_indian_restaurant,4,25642,PRICE_LEVEL_MODERATE,4.64,0,17.6,0,60,7.1,30,0
Bangalore,Frazer Town,date_night,19,CHIN LUNG BREWERY INDIRANAGAR,brewery,4.3,2382,,4.58,0,15.2,0,69.9,8.4,0,0
Bangalore,Frazer Town,date_night,20,The Chancery Pavilion,hotel,4.1,19165,,4.21,0,15.2,0,63.9,15.8,0,0
Bangalore,Frazer Town,family,1,The Rameshwaram Cafe - Indiranagar,south_indian_restaurant,4.3,19863,PRICE_LEVEL_MODERATE,3.58,5,83.6,100,71.7,28.5,100,100
Bangalore,Frazer Town,family,2,Meghana Foods,south_indian_restaurant,4.3,22104,PRICE_LEVEL_MODERATE,3.14,5,78.9,100,71.7,37.2,100,40
Bangalore,Frazer Town,family,3,Nagarjuna Restaurant - Residency Road,south_indian_restaurant,4.2,22224,PRICE_LEVEL_MODERATE,3.11,5,78.2,100,67.8,37.8,100,40
Bangalore,Frazer Town,family,4,PARAGON RESTAURANT,south_indian_restaurant,4.4,6187,PRICE_LEVEL_EXPENSIVE,3.12,5,78.1,100,74.8,37.6,70,70
Bangalore,Frazer Town,family,5,Hallimane Restaurant,south_indian_restaurant,4,25642,PRICE_LEVEL_MODERATE,4.64,5,75.1,100,60,7.1,100,70
Bangalore,Frazer Town,family,6,Central Tiffin Room,south_indian_restaurant,4.3,37014,PRICE_LEVEL_MODERATE,4.86,5,73.8,100,71.8,2.9,100,40
Bangalore,Frazer Town,family,7,Meghana Foods Indira Nagar,indian_restaurant,4.3,21593,PRICE_LEVEL_MODERATE,3.58,4,72.6,80,71.7,28.4,100,70
Bangalore,Frazer Town,family,8,Nahdi Mandi Restaurant,middle_eastern_restaurant,4.6,4027,PRICE_LEVEL_MODERATE,2.67,4,63.8,80,81.3,46.6,30,40
Bangalore,Frazer Town,family,9,Amintiri - Cafe | Patisserie | Gifting,cafe,4.4,6745,PRICE_LEVEL_EXPENSIVE,3.23,3,61.8,60,74.9,35.4,70,70
Bangalore,Frazer Town,family,10,Truffles - Indiranagar,american_restaurant,4.5,20598,PRICE_LEVEL_MODERATE,3.61,2,50.6,40,79.5,27.9,30,100
Bangalore,Frazer Town,family,11,Al Amanah cafe and Restaurant,middle_eastern_restaurant,4.2,24171,PRICE_LEVEL_MODERATE,3.19,0,23.5,0,67.8,36.2,30,0
Bangalore,Frazer Town,family,12,"The Oberoi, Bengaluru",hotel,4.7,9918,,3.05,0,23.2,0,86.7,39.1,0,0
Bangalore,Frazer Town,family,13,Pizza 4P's Indiranagar,italian_restaurant,4.8,10655,PRICE_LEVEL_EXPENSIVE,4.16,0,20.7,0,90.6,16.9,0,0
Bangalore,Frazer Town,family,14,Toit,brewpub,4.5,61415,PRICE_LEVEL_EXPENSIVE,3.70,0,19.9,0,79.8,26,0,0
Bangalore,Frazer Town,family,15,ICB INDIAN CRAFT BREWERY,brewpub,4.8,6900,,4.58,0,19.2,0,89.8,8.3,0,0
Bangalore,Frazer Town,family,16,Bob's Bar,bar,4.2,20284,PRICE_LEVEL_MODERATE,4.73,0,18.9,0,67.8,5.3,30,0
Bangalore,Frazer Town,family,17,Magnolia Bakery,bakery,4.3,8337,PRICE_LEVEL_VERY_EXPENSIVE,4.45,0,15.9,0,71.3,10.9,0,0
Bangalore,Frazer Town,family,18,CHIN LUNG BREWERY INDIRANAGAR,brewery,4.3,2382,,4.58,0,15.2,0,69.9,8.4,0,0
Bangalore,Frazer Town,family,19,The Chancery Pavilion,hotel,4.1,19165,,4.21,0,15.2,0,63.9,15.8,0,0
Bangalore,Frazer Town,family,20,Bastian Garden City,seafood_restaurant,3.8,1877,PRICE_LEVEL_VERY_EXPENSIVE,3.77,0,14.4,0,53.7,24.6,0,0
Bangalore,Frazer Town,friends,1,Bob's Bar,bar,4.2,20284,PRICE_LEVEL_MODERATE,4.73,5,73.4,100,67.8,5.3,100,40
Bangalore,Frazer Town,friends,2,PARAGON RESTAURANT,south_indian_restaurant,4.4,6187,PRICE_LEVEL_EXPENSIVE,3.12,5,72.1,100,74.8,37.6,30,70
Bangalore,Frazer Town,friends,3,Toit,brewpub,4.5,61415,PRICE_LEVEL_EXPENSIVE,3.70,5,71.4,100,79.8,26,30,70
Bangalore,Frazer Town,friends,4,Pizza 4P's Indiranagar,italian_restaurant,4.8,10655,PRICE_LEVEL_EXPENSIVE,4.16,5,69.2,100,90.6,16.9,30,40
Bangalore,Frazer Town,friends,5,Meghana Foods,south_indian_restaurant,4.3,22104,PRICE_LEVEL_MODERATE,3.14,5,68.4,100,71.7,37.2,30,40
Bangalore,Frazer Town,friends,6,Nagarjuna Restaurant - Residency Road,south_indian_restaurant,4.2,22224,PRICE_LEVEL_MODERATE,3.11,5,67.7,100,67.8,37.8,30,40
Bangalore,Frazer Town,friends,7,Nahdi Mandi Restaurant,middle_eastern_restaurant,4.6,4027,PRICE_LEVEL_MODERATE,2.67,4,63.8,80,81.3,46.6,30,40
Bangalore,Frazer Town,friends,8,Truffles - Indiranagar,american_restaurant,4.5,20598,PRICE_LEVEL_MODERATE,3.61,2,61.1,40,79.5,27.9,100,100
Bangalore,Frazer Town,friends,9,Amintiri - Cafe | Patisserie | Gifting,cafe,4.4,6745,PRICE_LEVEL_EXPENSIVE,3.23,3,55.8,60,74.9,35.4,30,70
Bangalore,Frazer Town,friends,10,CHIN LUNG BREWERY INDIRANAGAR,brewery,4.3,2382,,4.58,3,53.7,60,69.9,8.4,70,40
Bangalore,Frazer Town,friends,11,Al Amanah cafe and Restaurant,middle_eastern_restaurant,4.2,24171,PRICE_LEVEL_MODERATE,3.19,0,23.5,0,67.8,36.2,30,0
Bangalore,Frazer Town,friends,12,"The Oberoi, Bengaluru",hotel,4.7,9918,,3.05,0,23.2,0,86.7,39.1,0,0
Bangalore,Frazer Town,friends,13,The Rameshwaram Cafe - Indiranagar,south_indian_restaurant,4.3,19863,PRICE_LEVEL_MODERATE,3.58,0,23.1,0,71.7,28.5,30,0
Bangalore,Frazer Town,friends,14,Meghana Foods Indira Nagar,indian_restaurant,4.3,21593,PRICE_LEVEL_MODERATE,3.58,0,23.1,0,71.7,28.4,30,0
Bangalore,Frazer Town,friends,15,Central Tiffin Room,south_indian_restaurant,4.3,37014,PRICE_LEVEL_MODERATE,4.86,0,19.3,0,71.8,2.9,30,0
Bangalore,Frazer Town,friends,16,ICB INDIAN CRAFT BREWERY,brewpub,4.8,6900,,4.58,0,19.2,0,89.8,8.3,0,0
Bangalore,Frazer Town,friends,17,Hallimane Restaurant,south_indian_restaurant,4,25642,PRICE_LEVEL_MODERATE,4.64,0,17.6,0,60,7.1,30,0
Bangalore,Frazer Town,friends,18,Magnolia Bakery,bakery,4.3,8337,PRICE_LEVEL_VERY_EXPENSIVE,4.45,0,15.9,0,71.3,10.9,0,0
Bangalore,Frazer Town,friends,19,The Chancery Pavilion,hotel,4.1,19165,,4.21,0,15.2,0,63.9,15.8,0,0
Bangalore,Frazer Town,friends,20,Bastian Garden City,seafood_restaurant,3.8,1877,PRICE_LEVEL_VERY_EXPENSIVE,3.77,0,14.4,0,53.7,24.6,0,0
Bangalore,Domlur,date_night,1,Pizza 4P's Indiranagar,italian_restaurant,4.8,10655,PRICE_LEVEL_EXPENSIVE,1.03,5,78.5,100,90.6,79.4,30,40
Bangalore,Domlur,date_night,2,Magnolia Bakery,bakery,4.3,8337,PRICE_LEVEL_VERY_EXPENSIVE,1.02,5,77.7,100,71.3,79.5,30,70
Bangalore,Domlur,date_night,3,The Rameshwaram Cafe - Indiranagar,south_indian_restaurant,4.3,19863,PRICE_LEVEL_MODERATE,2.30,5,76.9,100,71.7,54,30,100
Bangalore,Domlur,date_night,4,Toit,brewpub,4.5,61415,PRICE_LEVEL_EXPENSIVE,2.06,5,76.3,100,79.8,58.8,30,70
Bangalore,Domlur,date_night,5,Bob's Bar,bar,4.2,20284,PRICE_LEVEL_MODERATE,0.72,5,74.9,100,67.8,85.6,30,40
Bangalore,Domlur,date_night,6,Bastian Garden City,seafood_restaurant,3.8,1877,PRICE_LEVEL_VERY_EXPENSIVE,4.28,5,71.9,100,53.7,14.5,100,40
Bangalore,Domlur,date_night,7,The Bier Library,brewpub,4.4,22440,PRICE_LEVEL_EXPENSIVE,2.79,5,70.3,100,75.7,44.2,30,40
Bangalore,Domlur,date_night,8,The Leela Palace Bengaluru - Garden City's Only Modern Palace Hotel,hotel,4.6,36659,,1.06,3,59.6,60,83.7,78.8,0,70
Bangalore,Domlur,date_night,9,CHIN LUNG BREWERY INDIRANAGAR,brewery,4.3,2382,,0.96,3,54.1,60,69.9,80.8,0,40
Bangalore,Domlur,date_night,10,"The Oberoi, Bengaluru",hotel,4.7,9918,,2.60,3,52.5,60,86.7,48,0,40
Bangalore,Domlur,date_night,11,Dyu Art Cafe,cafe,4.4,20752,PRICE_LEVEL_MODERATE,3.48,0,24.2,0,75.6,30.3,30,0
Bangalore,Domlur,date_night,12,Meghana Foods,south_indian_restaurant,4.3,22104,PRICE_LEVEL_MODERATE,3.45,0,23.5,0,71.7,31,30,0
Bangalore,Domlur,date_night,13,Truffles Koramangala,restaurant,4.5,50781,PRICE_LEVEL_MODERATE,4.05,0,23.3,0,79.8,19.1,30,0
Bangalore,Domlur,date_night,14,Nagarjuna Restaurant - Residency Road,south_indian_restaurant,4.2,22224,PRICE_LEVEL_MODERATE,3.47,0,22.6,0,67.8,30.5,30,0
Bangalore,Domlur,date_night,15,Amintiri - Cafe | Patisserie | Gifting,cafe,4.4,6745,PRICE_LEVEL_EXPENSIVE,4.09,0,22.2,0,74.9,18.2,30,0
Bangalore,Domlur,date_night,16,Nahdi Mandi Restaurant Bangalore,restaurant,4.4,7914,PRICE_LEVEL_MODERATE,4.91,0,19.8,0,75,1.8,30,0
Bangalore,Domlur,date_night,17,Gopalan Signature Mall,shopping_mall,4.1,45192,,4.35,0,14.8,0,64,13,0,0
Bangalore,Domlur,date_night,18,The Chancery Pavilion,hotel,4.1,19165,,4.39,0,14.6,0,63.9,12.3,0,0
Bangalore,Domlur,date_night,19,Gopalan Grand Mall,shopping_mall,4.1,23300,,4.52,0,14.2,0,63.9,9.7,0,0
Bangalore,Domlur,date_night,20,Savoury Business Hotel,hotel,4.1,13575,,4.56,0,14.1,0,63.9,8.9,0,0
Bangalore,Domlur,family,1,The Rameshwaram Cafe - Indiranagar,south_indian_restaurant,4.3,19863,PRICE_LEVEL_MODERATE,2.30,5,87.4,100,71.7,54,100,100
Bangalore,Domlur,family,2,Dyu Art Cafe,cafe,4.4,20752,PRICE_LEVEL_MODERATE,3.48,5,81.7,100,75.6,30.3,100,70
Bangalore,Domlur,family,3,Meghana Foods,south_indian_restaurant,4.3,22104,PRICE_LEVEL_MODERATE,3.45,5,78,100,71.7,31,100,40
Bangalore,Domlur,family,4,Nagarjuna Restaurant - Residency Road,south_indian_restaurant,4.2,22224,PRICE_LEVEL_MODERATE,3.47,5,77.1,100,67.8,30.5,100,40
Bangalore,Domlur,family,5,Bob's Bar,bar,4.2,20284,PRICE_LEVEL_MODERATE,0.72,5,74.9,100,67.8,85.6,30,40
Bangalore,Domlur,family,6,Pizza 4P's Indiranagar,italian_restaurant,4.8,10655,PRICE_LEVEL_EXPENSIVE,1.03,5,74,100,90.6,79.4,0,40
Bangalore,Domlur,family,7,Magnolia Bakery,bakery,4.3,8337,PRICE_LEVEL_VERY_EXPENSIVE,1.02,5,73.2,100,71.3,79.5,0,70
Bangalore,Domlur,family,8,The Leela Palace Bengaluru - Garden City's Only Modern Palace Hotel,hotel,4.6,36659,,1.06,3,59.6,60,83.7,78.8,0,70
Bangalore,Domlur,family,9,Amintiri - Cafe | Patisserie | Gifting,cafe,4.4,6745,PRICE_LEVEL_EXPENSIVE,4.09,3,59.2,60,74.9,18.2,70,70
Bangalore,Domlur,family,10,CHIN LUNG BREWERY INDIRANAGAR,brewery,4.3,2382,,0.96,3,54.1,60,69.9,80.8,0,40
Bangalore,Domlur,family,11,Toit,brewpub,4.5,61415,PRICE_LEVEL_EXPENSIVE,2.06,0,24.8,0,79.8,58.8,0,0
Bangalore,Domlur,family,12,"The Oberoi, Bengaluru",hotel,4.7,9918,,2.60,0,24.5,0,86.7,48,0,0
Bangalore,Domlur,family,13,Truffles Koramangala,restaurant,4.5,50781,PRICE_LEVEL_MODERATE,4.05,0,23.3,0,79.8,19.1,30,0
Bangalore,Domlur,family,14,The Bier Library,brewpub,4.4,22440,PRICE_LEVEL_EXPENSIVE,2.79,0,21.8,0,75.7,44.2,0,0
Bangalore,Domlur,family,15,Nahdi Mandi Restaurant Bangalore,restaurant,4.4,7914,PRICE_LEVEL_MODERATE,4.91,0,19.8,0,75,1.8,30,0
Bangalore,Domlur,family,16,Gopalan Signature Mall,shopping_mall,4.1,45192,,4.35,0,14.8,0,64,13,0,0
Bangalore,Domlur,family,17,The Chancery Pavilion,hotel,4.1,19165,,4.39,0,14.6,0,63.9,12.3,0,0
Bangalore,Domlur,family,18,Gopalan Grand Mall,shopping_mall,4.1,23300,,4.52,0,14.2,0,63.9,9.7,0,0
Bangalore,Domlur,family,19,Savoury Business Hotel,hotel,4.1,13575,,4.56,0,14.1,0,63.9,8.9,0,0
Bangalore,Domlur,family,20,Bastian Garden City,seafood_restaurant,3.8,1877,PRICE_LEVEL_VERY_EXPENSIVE,4.28,0,12.9,0,53.7,14.5,0,0
Bangalore,Domlur,friends,1,Bob's Bar,bar,4.2,20284,PRICE_LEVEL_MODERATE,0.72,5,85.4,100,67.8,85.6,100,40
Bangalore,Domlur,friends,2,Pizza 4P's Indiranagar,italian_restaurant,4.8,10655,PRICE_LEVEL_EXPENSIVE,1.03,5,78.5,100,90.6,79.4,30,40
Bangalore,Domlur,friends,3,The Rameshwaram Cafe - Indiranagar,south_indian_restaurant,4.3,19863,PRICE_LEVEL_MODERATE,2.30,5,76.9,100,71.7,54,30,100
Bangalore,Domlur,friends,4,Toit,brewpub,4.5,61415,PRICE_LEVEL_EXPENSIVE,2.06,5,76.3,100,79.8,58.8,30,70
Bangalore,Domlur,friends,5,Magnolia Bakery,bakery,4.3,8337,PRICE_LEVEL_VERY_EXPENSIVE,1.02,5,73.2,100,71.3,79.5,0,70
Bangalore,Domlur,friends,6,Dyu Art Cafe,cafe,4.4,20752,PRICE_LEVEL_MODERATE,3.48,5,71.2,100,75.6,30.3,30,70
Bangalore,Domlur,friends,7,The Bier Library,brewpub,4.4,22440,PRICE_LEVEL_EXPENSIVE,2.79,5,70.3,100,75.7,44.2,30,40
Bangalore,Domlur,friends,8,CHIN LUNG BREWERY INDIRANAGAR,brewery,4.3,2382,,0.96,3,64.6,60,69.9,80.8,70,40
Bangalore,Domlur,friends,9,The Leela Palace Bengaluru - Garden City's Only Modern Palace Hotel,hotel,4.6,36659,,1.06,3,59.6,60,83.7,78.8,0,70
Bangalore,Domlur,friends,10,"The Oberoi, Bengaluru",hotel,4.7,9918,,2.60,3,52.5,60,86.7,48,0,40
Bangalore,Domlur,friends,11,Meghana Foods,south_indian_restaurant,4.3,22104,PRICE_LEVEL_MODERATE,3.45,0,23.5,0,71.7,31,30,0
Bangalore,Domlur,friends,12,Truffles Koramangala,restaurant,4.5,50781,PRICE_LEVEL_MODERATE,4.05,0,23.3,0,79.8,19.1,30,0
Bangalore,Domlur,friends,13,Nagarjuna Restaurant - Residency Road,south_indian_restaurant,4.2,22224,PRICE_LEVEL_MODERATE,3.47,0,22.6,0,67.8,30.5,30,0
Bangalore,Domlur,friends,14,Amintiri - Cafe | Patisserie | Gifting,cafe,4.4,6745,PRICE_LEVEL_EXPENSIVE,4.09,0,22.2,0,74.9,18.2,30,0
Bangalore,Domlur,friends,15,Nahdi Mandi Restaurant Bangalore,restaurant,4.4,7914,PRICE_LEVEL_MODERATE,4.91,0,19.8,0,75,1.8,30,0
Bangalore,Domlur,friends,16,Gopalan Signature Mall,shopping_mall,4.1,45192,,4.35,0,14.8,0,64,13,0,0
Bangalore,Domlur,friends,17,The Chancery Pavilion,hotel,4.1,19165,,4.39,0,14.6,0,63.9,12.3,0,0
Bangalore,Domlur,friends,18,Gopalan Grand Mall,shopping_mall,4.1,23300,,4.52,0,14.2,0,63.9,9.7,0,0
Bangalore,Domlur,friends,19,Savoury Business Hotel,hotel,4.1,13575,,4.56,0,14.1,0,63.9,8.9,0,0
Bangalore,Domlur,friends,20,Bastian Garden City,seafood_restaurant,3.8,1877,PRICE_LEVEL_VERY_EXPENSIVE,4.28,0,12.9,0,53.7,14.5,0,0
Bangalore,Ulsoor,date_night,1,The Rameshwaram Cafe - Indiranagar,south_indian_restaurant,4.3,19863,PRICE_LEVEL_MODERATE,2.23,5,77.2,100,71.7,55.5,30,100
Bangalore,Ulsoor,date_night,2,Bastian Garden City,seafood_restaurant,3.8,1877,PRICE_LEVEL_VERY_EXPENSIVE,2.63,5,76.9,100,53.7,47.5,100,40
Bangalore,Ulsoor,date_night,3,Toit,brewpub,4.5,61415,PRICE_LEVEL_EXPENSIVE,2.22,5,75.8,100,79.8,55.5,30,70
Bangalore,Ulsoor,date_night,4,PARAGON RESTAURANT,south_indian_restaurant,4.4,6187,PRICE_LEVEL_EXPENSIVE,2.12,5,75.1,100,74.8,57.6,30,70
Bangalore,Ulsoor,date_night,5,Pizza 4P's Indiranagar,italian_restaurant,4.8,10655,PRICE_LEVEL_EXPENSIVE,2.23,5,74.9,100,90.6,55.5,30,40
Bangalore,Ulsoor,date_night,6,Meghana Foods,south_indian_restaurant,4.3,22104,PRICE_LEVEL_MODERATE,1.64,5,72.9,100,71.7,67.3,30,40
Bangalore,Ulsoor,date_night,7,Nagarjuna Restaurant - Residency Road,south_indian_restaurant,4.2,22224,PRICE_LEVEL_MODERATE,1.62,5,72.2,100,67.8,67.6,30,40
Bangalore,Ulsoor,date_night,8,Meghana Foods Indira Nagar,indian_restaurant,4.3,21593,PRICE_LEVEL_MODERATE,1.96,4,66.9,80,71.7,60.7,30,70
Bangalore,Ulsoor,date_night,9,Amintiri - Cafe | Patisserie | Gifting,cafe,4.4,6745,PRICE_LEVEL_EXPENSIVE,2.11,3,59.1,60,74.9,57.7,30,70
Bangalore,Ulsoor,date_night,10,"The Oberoi, Bengaluru",hotel,4.7,9918,,1.05,3,57.2,60,86.7,79.1,0,40
Bangalore,Ulsoor,date_night,11,Magnolia Bakery,bakery,4.3,8337,PRICE_LEVEL_VERY_EXPENSIVE,2.62,0,25.9,0,71.3,47.5,30,0
Bangalore,Ulsoor,date_night,12,Bob's Bar,bar,4.2,20284,PRICE_LEVEL_MODERATE,2.85,0,24.5,0,67.8,43.1,30,0
Bangalore,Ulsoor,date_night,13,CHIN LUNG BREWERY INDIRANAGAR,brewery,4.3,2382,,2.75,0,20.7,0,69.9,45,0,0
Bangalore,Ulsoor,date_night,14,Al Amanah cafe and Restaurant,middle_eastern_restaurant,4.2,24171,PRICE_LEVEL_MODERATE,4.19,0,20.5,0,67.8,16.3,30,0
Bangalore,Ulsoor,date_night,15,The Bier Library,brewpub,4.4,22440,PRICE_LEVEL_EXPENSIVE,4.89,0,20,0,75.7,2.3,30,0
Bangalore,Ulsoor,date_night,16,The Leela Palace Bengaluru - Garden City's Only Modern Palace Hotel,hotel,4.6,36659,,3.93,0,19.9,0,83.7,21.3,0,0
Bangalore,Ulsoor,date_night,17,MTR,vegetarian_restaurant,4.3,39150,PRICE_LEVEL_MODERATE,4.87,0,19.3,0,71.8,2.7,30,0
Bangalore,Ulsoor,date_night,18,The Chancery Pavilion,hotel,4.1,19165,,3.01,0,18.8,0,63.9,39.8,0,0
Bangalore,Ulsoor,date_night,19,Gopalan Signature Mall,shopping_mall,4.1,45192,,4.62,0,13.9,0,64,7.6,0,0
Bangalore,Ulsoor,date_night,20,Gopalan Grand Mall,shopping_mall,4.1,23300,,4.86,0,13.2,0,63.9,2.8,0,0
Bangalore,Ulsoor,family,1,The Rameshwaram Cafe - Indiranagar,south_indian_restaurant,4.3,19863,PRICE_LEVEL_MODERATE,2.23,5,87.7,100,71.7,55.5,100,100
Bangalore,Ulsoor,family,2,Meghana Foods,south_indian_restaurant,4.3,22104,PRICE_LEVEL_MODERATE,1.64,5,83.4,100,71.7,67.3,100,40
Bangalore,Ulsoor,family,3,Nagarjuna Restaurant - Residency Road,south_indian_restaurant,4.2,22224,PRICE_LEVEL_MODERATE,1.62,5,82.7,100,67.8,67.6,100,40
Bangalore,Ulsoor,family,4,PARAGON RESTAURANT,south_indian_restaurant,4.4,6187,PRICE_LEVEL_EXPENSIVE,2.12,5,81.1,100,74.8,57.6,70,70
Bangalore,Ulsoor,family,5,Meghana Foods Indira Nagar,indian_restaurant,4.3,21593,PRICE_LEVEL_MODERATE,1.96,4,77.4,80,71.7,60.7,100,70
Bangalore,Ulsoor,family,6,Toit,brewpub,4.5,61415,PRICE_LEVEL_EXPENSIVE,2.22,5,71.3,100,79.8,55.5,0,70
Bangalore,Ulsoor,family,7,Pizza 4P's Indiranagar,italian_restaurant,4.8,10655,PRICE_LEVEL_EXPENSIVE,2.23,5,70.4,100,90.6,55.5,0,40
Bangalore,Ulsoor,family,8,Bob's Bar,bar,4.2,20284,PRICE_LEVEL_MODERATE,2.85,5,68.5,100,67.8,43.1,30,40
Bangalore,Ulsoor,family,9,Amintiri - Cafe | Patisserie | Gifting,cafe,4.4,6745,PRICE_LEVEL_EXPENSIVE,2.11,3,65.1,60,74.9,57.7,70,70
Bangalore,Ulsoor,family,10,"The Oberoi, Bengaluru",hotel,4.7,9918,,1.05,3,57.2,60,86.7,79.1,0,40
Bangalore,Ulsoor,family,11,Magnolia Bakery,bakery,4.3,8337,PRICE_LEVEL_VERY_EXPENSIVE,2.62,0,21.4,0,71.3,47.5,0,0
Bangalore,Ulsoor,family,12,CHIN LUNG BREWERY INDIRANAGAR,brewery,4.3,2382,,2.75,0,20.7,0,69.9,45,0,0
Bangalore,Ulsoor,family,13,Al Amanah cafe and Restaurant,middle_eastern_restaurant,4.2,24171,PRICE_LEVEL_MODERATE,4.19,0,20.5,0,67.8,16.3,30,0
Bangalore,Ulsoor,family,14,The Leela Palace Bengaluru - Garden City's Only Modern Palace Hotel,hotel,4.6,36659,,3.93,0,19.9,0,83.7,21.3,0,0
Bangalore,Ulsoor,family,15,MTR,vegetarian_restaurant,4.3,39150,PRICE_LEVEL_MODERATE,4.87,0,19.3,0,71.8,2.7,30,0
Bangalore,Ulsoor,family,16,The Chancery Pavilion,hotel,4.1,19165,,3.01,0,18.8,0,63.9,39.8,0,0
Bangalore,Ulsoor,family,17,Bastian Garden City,seafood_restaurant,3.8,1877,PRICE_LEVEL_VERY_EXPENSIVE,2.63,0,17.9,0,53.7,47.5,0,0
Bangalore,Ulsoor,family,18,The Bier Library,brewpub,4.4,22440,PRICE_LEVEL_EXPENSIVE,4.89,0,15.5,0,75.7,2.3,0,0
Bangalore,Ulsoor,family,19,Gopalan Signature Mall,shopping_mall,4.1,45192,,4.62,0,13.9,0,64,7.6,0,0
Bangalore,Ulsoor,family,20,Gopalan Grand Mall,shopping_mall,4.1,23300,,4.86,0,13.2,0,63.9,2.8,0,0
Bangalore,Ulsoor,friends,1,Bob's Bar,bar,4.2,20284,PRICE_LEVEL_MODERATE,2.85,5,79,100,67.8,43.1,100,40
Bangalore,Ulsoor,friends,2,Toit,brewpub,4.5,61415,PRICE_LEVEL_EXPENSIVE,2.22,5,75.8,100,79.8,55.5,30,70
Bangalore,Ulsoor,friends,3,PARAGON RESTAURANT,south_indian_restaurant,4.4,6187,PRICE_LEVEL_EXPENSIVE,2.12,5,75.1,100,74.8,57.6,30,70
Bangalore,Ulsoor,friends,4,Pizza 4P's Indiranagar,italian_restaurant,4.8,10655,PRICE_LEVEL_EXPENSIVE,2.23,5,74.9,100,90.6,55.5,30,40
Bangalore,Ulsoor,friends,5,Meghana Foods,south_indian_restaurant,4.3,22104,PRICE_LEVEL_MODERATE,1.64,5,72.9,100,71.7,67.3,30,40
Bangalore,Ulsoor,friends,6,Nagarjuna Restaurant - Residency Road,south_indian_restaurant,4.2,22224,PRICE_LEVEL_MODERATE,1.62,5,72.2,100,67.8,67.6,30,40
Bangalore,Ulsoor,friends,7,Meghana Foods Indira Nagar,indian_restaurant,4.3,21593,PRICE_LEVEL_MODERATE,1.96,4,66.9,80,71.7,60.7,30,70
Bangalore,Ulsoor,friends,8,CHIN LUNG BREWERY INDIRANAGAR,brewery,4.3,2382,,2.75,3,59.2,60,69.9,45,70,40
Bangalore,Ulsoor,friends,9,Amintiri - Cafe | Patisserie | Gifting,cafe,4.4,6745,PRICE_LEVEL_EXPENSIVE,2.11,3,59.1,60,74.9,57.7,30,70
Bangalore,Ulsoor,friends,10,"The Oberoi, Bengaluru",hotel,4.7,9918,,1.05,3,57.2,60,86.7,79.1,0,40
Bangalore,Ulsoor,friends,11,The Rameshwaram Cafe - Indiranagar,south_indian_restaurant,4.3,19863,PRICE_LEVEL_MODERATE,2.23,0,27.2,0,71.7,55.5,30,0
Bangalore,Ulsoor,friends,12,Magnolia Bakery,bakery,4.3,8337,PRICE_LEVEL_VERY_EXPENSIVE,2.62,0,21.4,0,71.3,47.5,0,0
Bangalore,Ulsoor,friends,13,Al Amanah cafe and Restaurant,middle_eastern_restaurant,4.2,24171,PRICE_LEVEL_MODERATE,4.19,0,20.5,0,67.8,16.3,30,0
Bangalore,Ulsoor,friends,14,The Bier Library,brewpub,4.4,22440,PRICE_LEVEL_EXPENSIVE,4.89,0,20,0,75.7,2.3,30,0
Bangalore,Ulsoor,friends,15,The Leela Palace Bengaluru - Garden City's Only Modern Palace Hotel,hotel,4.6,36659,,3.93,0,19.9,0,83.7,21.3,0,0
Bangalore,Ulsoor,friends,16,MTR,vegetarian_restaurant,4.3,39150,PRICE_LEVEL_MODERATE,4.87,0,19.3,0,71.8,2.7,30,0
Bangalore,Ulsoor,friends,17,The Chancery Pavilion,hotel,4.1,19165,,3.01,0,18.8,0,63.9,39.8,0,0
Bangalore,Ulsoor,friends,18,Bastian Garden City,seafood_restaurant,3.8,1877,PRICE_LEVEL_VERY_EXPENSIVE,2.63,0,17.9,0,53.7,47.5,0,0
Bangalore,Ulsoor,friends,19,Gopalan Signature Mall,shopping_mall,4.1,45192,,4.62,0,13.9,0,64,7.6,0,0
Bangalore,Ulsoor,friends,20,Gopalan Grand Mall,shopping_mall,4.1,23300,,4.86,0,13.2,0,63.9,2.8,0,0
Gurgaon,Cyber Hub,date_night,1,Cyber Hub Social,restaurant,4.3,12069,PRICE_LEVEL_EXPENSIVE,0.06,0,33.6,0,71.5,98.8,30,0
Gurgaon,Cyber Hub,date_night,2,The Buck Stops Here,bar_and_grill,4.2,5941,PRICE_LEVEL_MODERATE,0.22,0,32.3,0,67.4,95.7,30,0
Gurgaon,Cyber Hub,date_night,3,"The Oberoi, Gurgaon",hotel,4.7,14083,,0.81,0,30,0,87,83.7,0,0
Gurgaon,Cyber Hub,date_night,4,Pizzeria da Susy,italian_restaurant,4.4,1966,PRICE_LEVEL_MODERATE,3.07,0,24.9,0,72.8,38.6,30,0
Gurgaon,Cyber Hub,date_night,5,Hamoni: Cafe by the Greens,cafe,4.4,3113,PRICE_LEVEL_MODERATE,3.50,0,23.8,0,73.8,30,30,0
Gurgaon,Cyber Hub,date_night,6,Roots - Cafe in the Park,cafe,4.3,6001,PRICE_LEVEL_MODERATE,3.52,0,23.2,0,71.1,29.6,30,0
Gurgaon,Cyber Hub,date_night,7,Jalsa Restaurant,tibetan_restaurant,4.1,5307,PRICE_LEVEL_MODERATE,3.23,0,22.6,0,63.7,35.4,30,0
Gurgaon,Cyber Hub,date_night,8,"Bikanervala | Sector 29, Gurugram",family_restaurant,4.2,15049,PRICE_LEVEL_MODERATE,3.82,0,21.6,0,67.7,23.6,30,0
Gurgaon,Cyber Hub,date_night,9,HUDA city center,shopping_mall,4.4,1501,PRICE_LEVEL_MODERATE,4.33,0,20.9,0,72,13.5,30,0
Gurgaon,Cyber Hub,date_night,10,Haldiram's - Gurugram Sector 29,restaurant,4.2,5641,PRICE_LEVEL_MODERATE,4.23,0,20.3,0,67.3,15.3,30,0
Gurgaon,Cyber Hub,date_night,11,ReSet By Plan B - Sector 42,fast_food_restaurant,4.2,5669,PRICE_LEVEL_MODERATE,4.38,0,19.8,0,67.4,12.3,30,0
Gurgaon,Cyber Hub,date_night,12,OM Sweets,confectionery,4.2,19557,PRICE_LEVEL_MODERATE,4.71,0,18.9,0,67.8,5.8,30,0
Gurgaon,Cyber Hub,date_night,13,Zorro - The Luxury Night Club,night_club,4.4,3554,,3.82,0,18.3,0,74,23.6,0,0
Gurgaon,Cyber Hub,date_night,14,Fun N Food WaterPark,water_park,4.1,14934,,3.30,0,17.9,0,63.9,34,0,0
Gurgaon,Cyber Hub,date_night,15,Ebowla club & byob,restaurant,3.9,4010,PRICE_LEVEL_MODERATE,4.40,0,17.6,0,56.4,12,30,0
Gurgaon,Cyber Hub,date_night,16,The Palms Town & Country Club,hotel,4.2,4065,,4.08,0,16.2,0,67.1,18.4,0,0
Gurgaon,Cyber Hub,date_night,17,"Lemon Tree Premier, Leisure Valley 2, Gurugram",hotel,4.1,4334,,3.85,0,16.2,0,63.6,22.9,0,0
Gurgaon,Cyber Hub,date_night,18,BEGETERRE - A MUSEUM THEMED RESTAURANT,restaurant,4.5,1070,,4.61,0,15.9,0,73.6,7.7,0,0
Gurgaon,Cyber Hub,date_night,19,Gymkhana Club,association_or_organization,4.1,884,,4.16,0,15,0,62.6,16.8,0,0
Gurgaon,Cyber Hub,date_night,20,COVAH The Cavern,bar,4,684,,4.59,0,13.2,0,60,8.1,0,0
Gurgaon,Cyber Hub,family,1,Hamoni: Cafe by the Greens,cafe,4.4,3113,PRICE_LEVEL_MODERATE,3.50,0,34.3,0,73.8,30,100,0
Gurgaon,Cyber Hub,family,2,Roots - Cafe in the Park,cafe,4.3,6001,PRICE_LEVEL_MODERATE,3.52,0,33.7,0,71.1,29.6,100,0
Gurgaon,Cyber Hub,family,3,The Buck Stops Here,bar_and_grill,4.2,5941,PRICE_LEVEL_MODERATE,0.22,0,32.3,0,67.4,95.7,30,0
Gurgaon,Cyber Hub,family,4,ReSet By Plan B - Sector 42,fast_food_restaurant,4.2,5669,PRICE_LEVEL_MODERATE,4.38,0,30.3,0,67.4,12.3,100,0
Gurgaon,Cyber Hub,family,5,"The Oberoi, Gurgaon",hotel,4.7,14083,,0.81,0,30,0,87,83.7,0,0
Gurgaon,Cyber Hub,family,6,Cyber Hub Social,restaurant,4.3,12069,PRICE_LEVEL_EXPENSIVE,0.06,0,29.1,0,71.5,98.8,0,0
Gurgaon,Cyber Hub,family,7,Pizzeria da Susy,italian_restaurant,4.4,1966,PRICE_LEVEL_MODERATE,3.07,0,24.9,0,72.8,38.6,30,0
Gurgaon,Cyber Hub,family,8,Jalsa Restaurant,tibetan_restaurant,4.1,5307,PRICE_LEVEL_MODERATE,3.23,0,22.6,0,63.7,35.4,30,0
Gurgaon,Cyber Hub,family,9,"Bikanervala | Sector 29, Gurugram",family_restaurant,4.2,15049,PRICE_LEVEL_MODERATE,3.82,0,21.6,0,67.7,23.6,30,0
Gurgaon,Cyber Hub,family,10,HUDA city center,shopping_mall,4.4,1501,PRICE_LEVEL_MODERATE,4.33,0,20.9,0,72,13.5,30,0
Gurgaon,Cyber Hub,family,11,Haldiram's - Gurugram Sector 29,restaurant,4.2,5641,PRICE_LEVEL_MODERATE,4.23,0,20.3,0,67.3,15.3,30,0
Gurgaon,Cyber Hub,family,12,OM Sweets,confectionery,4.2,19557,PRICE_LEVEL_MODERATE,4.71,0,18.9,0,67.8,5.8,30,0
Gurgaon,Cyber Hub,family,13,Zorro - The Luxury Night Club,night_club,4.4,3554,,3.82,0,18.3,0,74,23.6,0,0
Gurgaon,Cyber Hub,family,14,Fun N Food WaterPark,water_park,4.1,14934,,3.30,0,17.9,0,63.9,34,0,0
Gurgaon,Cyber Hub,family,15,Ebowla club & byob,restaurant,3.9,4010,PRICE_LEVEL_MODERATE,4.40,0,17.6,0,56.4,12,30,0
Gurgaon,Cyber Hub,family,16,The Palms Town & Country Club,hotel,4.2,4065,,4.08,0,16.2,0,67.1,18.4,0,0
Gurgaon,Cyber Hub,family,17,"Lemon Tree Premier, Leisure Valley 2, Gurugram",hotel,4.1,4334,,3.85,0,16.2,0,63.6,22.9,0,0
Gurgaon,Cyber Hub,family,18,BEGETERRE - A MUSEUM THEMED RESTAURANT,restaurant,4.5,1070,,4.61,0,15.9,0,73.6,7.7,0,0
Gurgaon,Cyber Hub,family,19,Gymkhana Club,association_or_organization,4.1,884,,4.16,0,15,0,62.6,16.8,0,0
Gurgaon,Cyber Hub,family,20,COVAH The Cavern,bar,4,684,,4.59,0,13.2,0,60,8.1,0,0
Gurgaon,Cyber Hub,friends,1,Cyber Hub Social,restaurant,4.3,12069,PRICE_LEVEL_EXPENSIVE,0.06,0,33.6,0,71.5,98.8,30,0
Gurgaon,Cyber Hub,friends,2,The Buck Stops Here,bar_and_grill,4.2,5941,PRICE_LEVEL_MODERATE,0.22,0,32.3,0,67.4,95.7,30,0
Gurgaon,Cyber Hub,friends,3,"The Oberoi, Gurgaon",hotel,4.7,14083,,0.81,0,30,0,87,83.7,0,0
Gurgaon,Cyber Hub,friends,4,Zorro - The Luxury Night Club,night_club,4.4,3554,,3.82,0,28.8,0,74,23.6,70,0
Gurgaon,Cyber Hub,friends,5,Pizzeria da Susy,italian_restaurant,4.4,1966,PRICE_LEVEL_MODERATE,3.07,0,24.9,0,72.8,38.6,30,0
Gurgaon,Cyber Hub,friends,6,Hamoni: Cafe by the Greens,cafe,4.4,3113,PRICE_LEVEL_MODERATE,3.50,0,23.8,0,73.8,30,30,0
Gurgaon,Cyber Hub,friends,7,COVAH The Cavern,bar,4,684,,4.59,0,23.7,0,60,8.1,70,0
Gurgaon,Cyber Hub,friends,8,Roots - Cafe in the Park,cafe,4.3,6001,PRICE_LEVEL_MODERATE,3.52,0,23.2,0,71.1,29.6,30,0
Gurgaon,Cyber Hub,friends,9,Jalsa Restaurant,tibetan_restaurant,4.1,5307,PRICE_LEVEL_MODERATE,3.23,0,22.6,0,63.7,35.4,30,0
Gurgaon,Cyber Hub,friends,10,"Bikanervala | Sector 29, Gurugram",family_restaurant,4.2,15049,PRICE_LEVEL_MODERATE,3.82,0,21.6,0,67.7,23.6,30,0
Gurgaon,Cyber Hub,friends,11,HUDA city center,shopping_mall,4.4,1501,PRICE_LEVEL_MODERATE,4.33,0,20.9,0,72,13.5,30,0
Gurgaon,Cyber Hub,friends,12,Haldiram's - Gurugram Sector 29,restaurant,4.2,5641,PRICE_LEVEL_MODERATE,4.23,0,20.3,0,67.3,15.3,30,0
Gurgaon,Cyber Hub,friends,13,ReSet By Plan B - Sector 42,fast_food_restaurant,4.2,5669,PRICE_LEVEL_MODERATE,4.38,0,19.8,0,67.4,12.3,30,0
Gurgaon,Cyber Hub,friends,14,OM Sweets,confectionery,4.2,19557,PRICE_LEVEL_MODERATE,4.71,0,18.9,0,67.8,5.8,30,0
Gurgaon,Cyber Hub,friends,15,Fun N Food WaterPark,water_park,4.1,14934,,3.30,0,17.9,0,63.9,34,0,0
Gurgaon,Cyber Hub,friends,16,Ebowla club & byob,restaurant,3.9,4010,PRICE_LEVEL_MODERATE,4.40,0,17.6,0,56.4,12,30,0
Gurgaon,Cyber Hub,friends,17,The Palms Town & Country Club,hotel,4.2,4065,,4.08,0,16.2,0,67.1,18.4,0,0
Gurgaon,Cyber Hub,friends,18,"Lemon Tree Premier, Leisure Valley 2, Gurugram",hotel,4.1,4334,,3.85,0,16.2,0,63.6,22.9,0,0
Gurgaon,Cyber Hub,friends,19,BEGETERRE - A MUSEUM THEMED RESTAURANT,restaurant,4.5,1070,,4.61,0,15.9,0,73.6,7.7,0,0
Gurgaon,Cyber Hub,friends,20,Gymkhana Club,association_or_organization,4.1,884,,4.16,0,15,0,62.6,16.8,0,0
Gurgaon,Sector 29,date_night,1,32nd Avenue,tourist_attraction,4.6,28191,PRICE_LEVEL_EXPENSIVE,1.54,5,75.6,100,83.6,69.2,30,40
Gurgaon,Sector 29,date_night,2,OM Sweets,confectionery,4.2,19557,PRICE_LEVEL_MODERATE,1.76,5,74.8,100,67.8,64.8,30,70
Gurgaon,Sector 29,date_night,3,Ebowla club & byob,restaurant,3.9,4010,PRICE_LEVEL_MODERATE,0.71,2,51.6,40,56.4,85.7,30,70
Gurgaon,Sector 29,date_night,4,The Palms Town & Country Club,hotel,4.2,4065,,1.49,1,42,20,67.1,70.2,0,100
Gurgaon,Sector 29,date_night,5,Gymkhana Club,association_or_organization,4.1,884,,0.30,1,41.6,20,62.6,94.1,0,70
Gurgaon,Sector 29,date_night,6,Star Mall,shopping_mall,4,9682,,1.33,1,35,20,60,73.3,0,40
Gurgaon,Sector 29,date_night,7,"Bikanervala | Sector 29, Gurugram",family_restaurant,4.2,15049,PRICE_LEVEL_MODERATE,0.32,0,32.1,0,67.7,93.6,30,0
Gurgaon,Sector 29,date_night,8,Haldiram's - Gurugram Sector 29,restaurant,4.2,5641,PRICE_LEVEL_MODERATE,0.44,0,31.6,0,67.3,91.1,30,0
Gurgaon,Sector 29,date_night,9,HUDA city center,shopping_mall,4.4,1501,PRICE_LEVEL_MODERATE,1.25,0,30.2,0,72,75.1,30,0
Gurgaon,Sector 29,date_night,10,Zorro - The Luxury Night Club,night_club,4.4,3554,,0.30,0,28.9,0,74,94,0,0
Gurgaon,Sector 29,date_night,11,Hamoni: Cafe by the Greens,cafe,4.4,3113,PRICE_LEVEL_MODERATE,3.85,0,22.7,0,73.8,22.9,30,0
Gurgaon,Sector 29,date_night,12,ReSet By Plan B - Sector 42,fast_food_restaurant,4.2,5669,PRICE_LEVEL_MODERATE,3.46,0,22.6,0,67.4,30.7,30,0
Gurgaon,Sector 29,date_night,13,Open Tap,brewpub,4.4,4360,PRICE_LEVEL_EXPENSIVE,4.02,0,22.3,0,74.4,19.6,30,0
Gurgaon,Sector 29,date_night,14,The Buck Stops Here,bar_and_grill,4.2,5941,PRICE_LEVEL_MODERATE,4.12,0,20.6,0,67.4,17.6,30,0
Gurgaon,Sector 29,date_night,15,BEGETERRE - A MUSEUM THEMED RESTAURANT,restaurant,4.5,1070,,3.47,0,19.3,0,73.6,30.5,0,0
Gurgaon,Sector 29,date_night,16,The Barbeque Times,buffet_restaurant,4.2,7392,PRICE_LEVEL_MODERATE,4.58,0,19.3,0,67.5,8.4,30,0
Gurgaon,Sector 29,date_night,17,Civil Line Wala,north_indian_restaurant,4.2,9033,PRICE_LEVEL_INEXPENSIVE,3.24,0,18.8,0,67.6,35.3,0,0
Gurgaon,Sector 29,date_night,18,"The Oberoi, Gurgaon",hotel,4.7,14083,,4.58,0,18.7,0,87,8.4,0,0
Gurgaon,Sector 29,date_night,19,COVAH The Cavern,bar,4,684,,3.45,0,16.7,0,60,31,0,0
Gurgaon,Sector 29,date_night,20,The Big Tree Cafe Golf Course Road | Big Tree Cafe,cafe,4.5,4475,,4.82,0,16.1,0,78,3.5,0,0
Gurgaon,Sector 29,family,1,Civil Line Wala,north_indian_restaurant,4.2,9033,PRICE_LEVEL_INEXPENSIVE,3.24,5,80.8,100,67.6,35.3,100,70
Gurgaon,Sector 29,family,2,The Barbeque Times,buffet_restaurant,4.2,7392,PRICE_LEVEL_MODERATE,4.58,5,76.8,100,67.5,8.4,100,70
Gurgaon,Sector 29,family,3,OM Sweets,confectionery,4.2,19557,PRICE_LEVEL_MODERATE,1.76,5,74.8,100,67.8,64.8,30,70
Gurgaon,Sector 29,family,4,Ebowla club & byob,restaurant,3.9,4010,PRICE_LEVEL_MODERATE,0.71,2,51.6,40,56.4,85.7,30,70
Gurgaon,Sector 29,family,5,Hamoni: Cafe by the Greens,cafe,4.4,3113,PRICE_LEVEL_MODERATE,3.85,0,33.2,0,73.8,22.9,100,0
Gurgaon,Sector 29,family,6,ReSet By Plan B - Sector 42,fast_food_restaurant,4.2,5669,PRICE_LEVEL_MODERATE,3.46,0,33.1,0,67.4,30.7,100,0
Gurgaon,Sector 29,family,7,"Bikanervala | Sector 29, Gurugram",family_restaurant,4.2,15049,PRICE_LEVEL_MODERATE,0.32,0,32.1,0,67.7,93.6,30,0
Gurgaon,Sector 29,family,8,Haldiram's - Gurugram Sector 29,restaurant,4.2,5641,PRICE_LEVEL_MODERATE,0.44,0,31.6,0,67.3,91.1,30,0
Gurgaon,Sector 29,family,9,HUDA city center,shopping_mall,4.4,1501,PRICE_LEVEL_MODERATE,1.25,0,30.2,0,72,75.1,30,0
Gurgaon,Sector 29,family,10,Zorro - The Luxury Night Club,night_club,4.4,3554,,0.30,0,28.9,0,74,94,0,0
Gurgaon,Sector 29,family,11,32nd Avenue,tourist_attraction,4.6,28191,PRICE_LEVEL_EXPENSIVE,1.54,0,27.1,0,83.6,69.2,0,0
Gurgaon,Sector 29,family,12,Gymkhana Club,association_or_organization,4.1,884,,0.30,0,26.6,0,62.6,94.1,0,0
Gurgaon,Sector 29,family,13,The Big Tree Cafe Golf Course Road | Big Tree Cafe,cafe,4.5,4475,,4.82,0,26.6,0,78,3.5,70,0
Gurgaon,Sector 29,family,14,The Palms Town & Country Club,hotel,4.2,4065,,1.49,0,24,0,67.1,70.2,0,0
Gurgaon,Sector 29,family,15,Star Mall,shopping_mall,4,9682,,1.33,0,23,0,60,73.3,0,0
Gurgaon,Sector 29,family,16,The Buck Stops Here,bar_and_grill,4.2,5941,PRICE_LEVEL_MODERATE,4.12,0,20.6,0,67.4,17.6,30,0
Gurgaon,Sector 29,family,17,BEGETERRE - A MUSEUM THEMED RESTAURANT,restaurant,4.5,1070,,3.47,0,19.3,0,73.6,30.5,0,0
Gurgaon,Sector 29,family,18,"The Oberoi, Gurgaon",hotel,4.7,14083,,4.58,0,18.7,0,87,8.4,0,0
Gurgaon,Sector 29,family,19,Open Tap,brewpub,4.4,4360,PRICE_LEVEL_EXPENSIVE,4.02,0,17.8,0,74.4,19.6,0,0
Gurgaon,Sector 29,family,20,COVAH The Cavern,bar,4,684,,3.45,0,16.7,0,60,31,0,0
Gurgaon,Sector 29,friends,1,32nd Avenue,tourist_attraction,4.6,28191,PRICE_LEVEL_EXPENSIVE,1.54,5,75.6,100,83.6,69.2,30,40
Gurgaon,Sector 29,friends,2,OM Sweets,confectionery,4.2,19557,PRICE_LEVEL_MODERATE,1.76,5,74.8,100,67.8,64.8,30,70
Gurgaon,Sector 29,friends,3,Ebowla club & byob,restaurant,3.9,4010,PRICE_LEVEL_MODERATE,0.71,2,51.6,40,56.4,85.7,30,70
Gurgaon,Sector 29,friends,4,The Palms Town & Country Club,hotel,4.2,4065,,1.49,1,42,20,67.1,70.2,0,100
Gurgaon,Sector 29,friends,5,Gymkhana Club,association_or_organization,4.1,884,,0.30,1,41.6,20,62.6,94.1,0,70
Gurgaon,Sector 29,friends,6,Zorro - The Luxury Night Club,night_club,4.4,3554,,0.30,0,39.4,0,74,94,70,0
Gurgaon,Sector 29,friends,7,"Bikanervala | Sector 29, Gurugram",family_restaurant,4.2,15049,PRICE_LEVEL_MODERATE,0.32,0,32.1,0,67.7,93.6,30,0
Gurgaon,Sector 29,friends,8,Haldiram's - Gurugram Sector 29,restaurant,4.2,5641,PRICE_LEVEL_MODERATE,0.44,0,31.6,0,67.3,91.1,30,0
Gurgaon,Sector 29,friends,9,HUDA city center,shopping_mall,4.4,1501,PRICE_LEVEL_MODERATE,1.25,0,30.2,0,72,75.1,30,0
Gurgaon,Sector 29,friends,10,COVAH The Cavern,bar,4,684,,3.45,0,27.2,0,60,31,70,0
Gurgaon,Sector 29,friends,11,Star Mall,shopping_mall,4,9682,,1.33,0,23,0,60,73.3,0,0
Gurgaon,Sector 29,friends,12,Hamoni: Cafe by the Greens,cafe,4.4,3113,PRICE_LEVEL_MODERATE,3.85,0,22.7,0,73.8,22.9,30,0
Gurgaon,Sector 29,friends,13,ReSet By Plan B - Sector 42,fast_food_restaurant,4.2,5669,PRICE_LEVEL_MODERATE,3.46,0,22.6,0,67.4,30.7,30,0
Gurgaon,Sector 29,friends,14,Open Tap,brewpub,4.4,4360,PRICE_LEVEL_EXPENSIVE,4.02,0,22.3,0,74.4,19.6,30,0
Gurgaon,Sector 29,friends,15,The Buck Stops Here,bar_and_grill,4.2,5941,PRICE_LEVEL_MODERATE,4.12,0,20.6,0,67.4,17.6,30,0
Gurgaon,Sector 29,friends,16,BEGETERRE - A MUSEUM THEMED RESTAURANT,restaurant,4.5,1070,,3.47,0,19.3,0,73.6,30.5,0,0
Gurgaon,Sector 29,friends,17,The Barbeque Times,buffet_restaurant,4.2,7392,PRICE_LEVEL_MODERATE,4.58,0,19.3,0,67.5,8.4,30,0
Gurgaon,Sector 29,friends,18,Civil Line Wala,north_indian_restaurant,4.2,9033,PRICE_LEVEL_INEXPENSIVE,3.24,0,18.8,0,67.6,35.3,0,0
Gurgaon,Sector 29,friends,19,"The Oberoi, Gurgaon",hotel,4.7,14083,,4.58,0,18.7,0,87,8.4,0,0
Gurgaon,Sector 29,friends,20,The Big Tree Cafe Golf Course Road | Big Tree Cafe,cafe,4.5,4475,,4.82,0,16.1,0,78,3.5,0,0
Gurgaon,Golf Course Road,date_night,1,The Big Tree Cafe Golf Course Road | Big Tree Cafe,cafe,4.5,4475,,0.88,5,75,100,78,82.5,0,70
Gurgaon,Golf Course Road,date_night,2,BEGETERRE - A MUSEUM THEMED RESTAURANT,restaurant,4.5,1070,,0.95,5,70.9,100,73.6,81,0,40
Gurgaon,Golf Course Road,date_night,3,32nd Avenue,tourist_attraction,4.6,28191,PRICE_LEVEL_EXPENSIVE,4.86,5,65.6,100,83.6,2.8,30,40
Gurgaon,Golf Course Road,date_night,4,Open Tap,brewpub,4.4,4360,PRICE_LEVEL_EXPENSIVE,0.38,0,33.2,0,74.4,92.4,30,0
Gurgaon,Golf Course Road,date_night,5,ReSet By Plan B - Sector 42,fast_food_restaurant,4.2,5669,PRICE_LEVEL_MODERATE,1.21,0,29.4,0,67.4,75.8,30,0
Gurgaon,Golf Course Road,date_night,6,HUDA city center,shopping_mall,4.4,1501,PRICE_LEVEL_MODERATE,2.74,0,25.7,0,72,45.3,30,0
Gurgaon,Golf Course Road,date_night,7,Jalsa Restaurant,tibetan_restaurant,4.1,5307,PRICE_LEVEL_MODERATE,2.32,0,25.3,0,63.7,53.5,30,0
Gurgaon,Golf Course Road,date_night,8,COVAH The Cavern,bar,4,684,,0.97,0,24.1,0,60,80.6,0,0
Gurgaon,Golf Course Road,date_night,9,Roots - Cafe in the Park,cafe,4.3,6001,PRICE_LEVEL_MODERATE,3.81,0,22.3,0,71.1,23.8,30,0
Gurgaon,Golf Course Road,date_night,10,Haldiram's - Gurugram Sector 29,restaurant,4.2,5641,PRICE_LEVEL_MODERATE,3.63,0,22.1,0,67.3,27.3,30,0
Gurgaon,Golf Course Road,date_night,11,The Palms Town & Country Club,hotel,4.2,4065,,2.47,0,21,0,67.1,50.6,0,0
Gurgaon,Golf Course Road,date_night,12,"Bikanervala | Sector 29, Gurugram",family_restaurant,4.2,15049,PRICE_LEVEL_MODERATE,4.25,0,20.3,0,67.7,15,30,0
Gurgaon,Golf Course Road,date_night,13,The Barbeque Times,buffet_restaurant,4.2,7392,PRICE_LEVEL_MODERATE,4.26,0,20.2,0,67.5,14.8,30,0
Gurgaon,Golf Course Road,date_night,14,Ebowla club & byob,restaurant,3.9,4010,PRICE_LEVEL_MODERATE,4.54,0,17.2,0,56.4,9.2,30,0
Gurgaon,Golf Course Road,date_night,15,Zorro - The Luxury Night Club,night_club,4.4,3554,,4.23,0,17.1,0,74,15.4,0,0
Gurgaon,Golf Course Road,date_night,16,DONJON,bar_and_grill,3.9,1815,,3.19,0,16.8,0,56.9,36.2,0,0
Gurgaon,Golf Course Road,date_night,17,Where Else BYOB & Cafe,north_indian_restaurant,3.8,3224,,3.06,0,16.4,0,53.1,38.8,0,0
Gurgaon,Golf Course Road,date_night,18,Gymkhana Club,association_or_organization,4.1,884,,4.14,0,15.1,0,62.6,17.1,0,0
Gurgaon,Golf Course Road,date_night,19,Star Mall,shopping_mall,4,9682,,4.60,0,13.2,0,60,7.9,0,0
Gurgaon,Golf Course Road,date_night,20,"Lemon Tree Hotel, Sector 60 - Gurugram",hotel,4.1,6555,,4.89,0,13.1,0,63.7,2.1,0,0
Gurgaon,Golf Course Road,family,1,The Big Tree Cafe Golf Course Road | Big Tree Cafe,cafe,4.5,4475,,0.88,5,85.5,100,78,82.5,70,70
Gurgaon,Golf Course Road,family,2,The Barbeque Times,buffet_restaurant,4.2,7392,PRICE_LEVEL_MODERATE,4.26,5,77.7,100,67.5,14.8,100,70
Gurgaon,Golf Course Road,family,3,BEGETERRE - A MUSEUM THEMED RESTAURANT,restaurant,4.5,1070,,0.95,5,70.9,100,73.6,81,0,40
Gurgaon,Golf Course Road,family,4,ReSet By Plan B - Sector 42,fast_food_restaurant,4.2,5669,PRICE_LEVEL_MODERATE,1.21,0,39.9,0,67.4,75.8,100,0
Gurgaon,Golf Course Road,family,5,Where Else BYOB & Cafe,north_indian_restaurant,3.8,3224,,3.06,1,38.9,20,53.1,38.8,70,40
Gurgaon,Golf Course Road,family,6,Roots - Cafe in the Park,cafe,4.3,6001,PRICE_LEVEL_MODERATE,3.81,0,32.8,0,71.1,23.8,100,0
Gurgaon,Golf Course Road,family,7,Open Tap,brewpub,4.4,4360,PRICE_LEVEL_EXPENSIVE,0.38,0,28.7,0,74.4,92.4,0,0
Gurgaon,Golf Course Road,family,8,HUDA city center,shopping_mall,4.4,1501,PRICE_LEVEL_MODERATE,2.74,0,25.7,0,72,45.3,30,0
Gurgaon,Golf Course Road,family,9,Jalsa Restaurant,tibetan_restaurant,4.1,5307,PRICE_LEVEL_MODERATE,2.32,0,25.3,0,63.7,53.5,30,0
Gurgaon,Golf Course Road,family,10,COVAH The Cavern,bar,4,684,,0.97,0,24.1,0,60,80.6,0,0
Gurgaon,Golf Course Road,family,11,Haldiram's - Gurugram Sector 29,restaurant,4.2,5641,PRICE_LEVEL_MODERATE,3.63,0,22.1,0,67.3,27.3,30,0
Gurgaon,Golf Course Road,family,12,The Palms Town & Country Club,hotel,4.2,4065,,2.47,0,21,0,67.1,50.6,0,0
Gurgaon,Golf Course Road,family,13,"Bikanervala | Sector 29, Gurugram",family_restaurant,4.2,15049,PRICE_LEVEL_MODERATE,4.25,0,20.3,0,67.7,15,30,0
Gurgaon,Golf Course Road,family,14,Ebowla club & byob,restaurant,3.9,4010,PRICE_LEVEL_MODERATE,4.54,0,17.2,0,56.4,9.2,30,0
Gurgaon,Golf Course Road,family,15,32nd Avenue,tourist_attraction,4.6,28191,PRICE_LEVEL_EXPENSIVE,4.86,0,17.1,0,83.6,2.8,0,0
Gurgaon,Golf Course Road,family,16,Zorro - The Luxury Night Club,night_club,4.4,3554,,4.23,0,17.1,0,74,15.4,0,0
Gurgaon,Golf Course Road,family,17,DONJON,bar_and_grill,3.9,1815,,3.19,0,16.8,0,56.9,36.2,0,0
Gurgaon,Golf Course Road,family,18,Gymkhana Club,association_or_organization,4.1,884,,4.14,0,15.1,0,62.6,17.1,0,0
Gurgaon,Golf Course Road,family,19,Star Mall,shopping_mall,4,9682,,4.60,0,13.2,0,60,7.9,0,0
Gurgaon,Golf Course Road,family,20,"Lemon Tree Hotel, Sector 60 - Gurugram",hotel,4.1,6555,,4.89,0,13.1,0,63.7,2.1,0,0
Gurgaon,Golf Course Road,friends,1,The Big Tree Cafe Golf Course Road | Big Tree Cafe,cafe,4.5,4475,,0.88,5,75,100,78,82.5,0,70
Gurgaon,Golf Course Road,friends,2,BEGETERRE - A MUSEUM THEMED RESTAURANT,restaurant,4.5,1070,,0.95,5,70.9,100,73.6,81,0,40
Gurgaon,Golf Course Road,friends,3,COVAH The Cavern,bar,4,684,,0.97,0,34.6,0,60,80.6,70,0
Gurgaon,Golf Course Road,friends,4,Open Tap,brewpub,4.4,4360,PRICE_LEVEL_EXPENSIVE,0.38,0,33.2,0,74.4,92.4,30,0
Gurgaon,Golf Course Road,friends,5,ReSet By Plan B - Sector 42,fast_food_restaurant,4.2,5669,PRICE_LEVEL_MODERATE,1.21,0,29.4,0,67.4,75.8,30,0
Gurgaon,Golf Course Road,friends,6,Zorro - The Luxury Night Club,night_club,4.4,3554,,4.23,0,27.6,0,74,15.4,70,0
Gurgaon,Golf Course Road,friends,7,HUDA city center,shopping_mall,4.4,1501,PRICE_LEVEL_MODERATE,2.74,0,25.7,0,72,45.3,30,0
Gurgaon,Golf Course Road,friends,8,Jalsa Restaurant,tibetan_restaurant,4.1,5307,PRICE_LEVEL_MODERATE,2.32,0,25.3,0,63.7,53.5,30,0
Gurgaon,Golf Course Road,friends,9,Roots - Cafe in the Park,cafe,4.3,6001,PRICE_LEVEL_MODERATE,3.81,0,22.3,0,71.1,23.8,30,0
Gurgaon,Golf Course Road,friends,10,Haldiram's - Gurugram Sector 29,restaurant,4.2,5641,PRICE_LEVEL_MODERATE,3.63,0,22.1,0,67.3,27.3,30,0
Gurgaon,Golf Course Road,friends,11,32nd Avenue,tourist_attraction,4.6,28191,PRICE_LEVEL_EXPENSIVE,4.86,0,21.6,0,83.6,2.8,30,0
Gurgaon,Golf Course Road,friends,12,The Palms Town & Country Club,hotel,4.2,4065,,2.47,0,21,0,67.1,50.6,0,0
Gurgaon,Golf Course Road,friends,13,"Bikanervala | Sector 29, Gurugram",family_restaurant,4.2,15049,PRICE_LEVEL_MODERATE,4.25,0,20.3,0,67.7,15,30,0
Gurgaon,Golf Course Road,friends,14,The Barbeque Times,buffet_restaurant,4.2,7392,PRICE_LEVEL_MODERATE,4.26,0,20.2,0,67.5,14.8,30,0
Gurgaon,Golf Course Road,friends,15,Ebowla club & byob,restaurant,3.9,4010,PRICE_LEVEL_MODERATE,4.54,0,17.2,0,56.4,9.2,30,0
Gurgaon,Golf Course Road,friends,16,DONJON,bar_and_grill,3.9,1815,,3.19,0,16.8,0,56.9,36.2,0,0
Gurgaon,Golf Course Road,friends,17,Where Else BYOB & Cafe,north_indian_restaurant,3.8,3224,,3.06,0,16.4,0,53.1,38.8,0,0
Gurgaon,Golf Course Road,friends,18,Gymkhana Club,association_or_organization,4.1,884,,4.14,0,15.1,0,62.6,17.1,0,0
Gurgaon,Golf Course Road,friends,19,Star Mall,shopping_mall,4,9682,,4.60,0,13.2,0,60,7.9,0,0
Gurgaon,Golf Course Road,friends,20,"Lemon Tree Hotel, Sector 60 - Gurugram",hotel,4.1,6555,,4.89,0,13.1,0,63.7,2.1,0,0
Gurgaon,MG Road Gurgaon,date_night,1,32nd Avenue,tourist_attraction,4.6,28191,PRICE_LEVEL_EXPENSIVE,3.53,5,69.6,100,83.6,29.3,30,40
Gurgaon,MG Road Gurgaon,date_night,2,Cyber Hub Social,restaurant,4.3,12069,PRICE_LEVEL_EXPENSIVE,1.96,0,27.9,0,71.5,60.9,30,0
Gurgaon,MG Road Gurgaon,date_night,3,"Bikanervala | Sector 29, Gurugram",family_restaurant,4.2,15049,PRICE_LEVEL_MODERATE,2.00,0,27,0,67.7,60,30,0
Gurgaon,MG Road Gurgaon,date_night,4,HUDA city center,shopping_mall,4.4,1501,PRICE_LEVEL_MODERATE,2.32,0,26.9,0,72,53.6,30,0
Gurgaon,MG Road Gurgaon,date_night,5,Jalsa Restaurant,tibetan_restaurant,4.1,5307,PRICE_LEVEL_MODERATE,1.89,0,26.6,0,63.7,62.2,30,0
Gurgaon,MG Road Gurgaon,date_night,6,The Buck Stops Here,bar_and_grill,4.2,5941,PRICE_LEVEL_MODERATE,2.23,0,26.3,0,67.4,55.5,30,0
Gurgaon,MG Road Gurgaon,date_night,7,Haldiram's - Gurugram Sector 29,restaurant,4.2,5641,PRICE_LEVEL_MODERATE,2.27,0,26.2,0,67.3,54.7,30,0
Gurgaon,MG Road Gurgaon,date_night,8,"The Oberoi, Gurgaon",hotel,4.7,14083,,2.77,0,24.1,0,87,44.7,0,0
Gurgaon,MG Road Gurgaon,date_night,9,ReSet By Plan B - Sector 42,fast_food_restaurant,4.2,5669,PRICE_LEVEL_MODERATE,2.98,0,24,0,67.4,40.4,30,0
Gurgaon,MG Road Gurgaon,date_night,10,Zorro - The Luxury Night Club,night_club,4.4,3554,,1.99,0,23.8,0,74,60.1,0,0
Gurgaon,MG Road Gurgaon,date_night,11,Hamoni: Cafe by the Greens,cafe,4.4,3113,PRICE_LEVEL_MODERATE,3.58,0,23.5,0,73.8,28.4,30,0
Gurgaon,MG Road Gurgaon,date_night,12,OM Sweets,confectionery,4.2,19557,PRICE_LEVEL_MODERATE,3.26,0,23.3,0,67.8,34.9,30,0
Gurgaon,MG Road Gurgaon,date_night,13,Ebowla club & byob,restaurant,3.9,4010,PRICE_LEVEL_MODERATE,2.62,0,22.9,0,56.4,47.6,30,0
Gurgaon,MG Road Gurgaon,date_night,14,Open Tap,brewpub,4.4,4360,PRICE_LEVEL_EXPENSIVE,3.86,0,22.8,0,74.4,22.7,30,0
Gurgaon,MG Road Gurgaon,date_night,15,The Palms Town & Country Club,hotel,4.2,4065,,2.11,0,22.1,0,67.1,57.9,0,0
Gurgaon,MG Road Gurgaon,date_night,16,Gymkhana Club,association_or_organization,4.1,884,,2.29,0,20.6,0,62.6,54.1,0,0
Gurgaon,MG Road Gurgaon,date_night,17,BEGETERRE - A MUSEUM THEMED RESTAURANT,restaurant,4.5,1070,,3.14,0,20.3,0,73.6,37.1,0,0
Gurgaon,MG Road Gurgaon,date_night,18,COVAH The Cavern,bar,4,684,,3.12,0,17.6,0,60,37.6,0,0
Gurgaon,MG Road Gurgaon,date_night,19,Star Mall,shopping_mall,4,9682,,3.35,0,17,0,60,33,0,0
Gurgaon,MG Road Gurgaon,date_night,20,The Big Tree Cafe Golf Course Road | Big Tree Cafe,cafe,4.5,4475,,4.81,0,16.2,0,78,3.8,0,0
Gurgaon,MG Road Gurgaon,family,1,The Big Tree Cafe Golf Course Road | Big Tree Cafe,cafe,4.5,4475,,4.81,5,73.7,100,78,3.8,70,70
Gurgaon,MG Road Gurgaon,family,2,ReSet By Plan B - Sector 42,fast_food_restaurant,4.2,5669,PRICE_LEVEL_MODERATE,2.98,0,34.5,0,67.4,40.4,100,0
Gurgaon,MG Road Gurgaon,family,3,Hamoni: Cafe by the Greens,cafe,4.4,3113,PRICE_LEVEL_MODERATE,3.58,0,34,0,73.8,28.4,100,0
Gurgaon,MG Road Gurgaon,family,4,"Bikanervala | Sector 29, Gurugram",family_restaurant,4.2,15049,PRICE_LEVEL_MODERATE,2.00,0,27,0,67.7,60,30,0
Gurgaon,MG Road Gurgaon,family,5,HUDA city center,shopping_mall,4.4,1501,PRICE_LEVEL_MODERATE,2.32,0,26.9,0,72,53.6,30,0
Gurgaon,MG Road Gurgaon,family,6,Jalsa Restaurant,tibetan_restaurant,4.1,5307,PRICE_LEVEL_MODERATE,1.89,0,26.6,0,63.7,62.2,30,0
Gurgaon,MG Road Gurgaon,family,7,The Buck Stops Here,bar_and_grill,4.2,5941,PRICE_LEVEL_MODERATE,2.23,0,26.3,0,67.4,55.5,30,0
Gurgaon,MG Road Gurgaon,family,8,Haldiram's - Gurugram Sector 29,restaurant,4.2,5641,PRICE_LEVEL_MODERATE,2.27,0,26.2,0,67.3,54.7,30,0
Gurgaon,MG Road Gurgaon,family,9,"The Oberoi, Gurgaon",hotel,4.7,14083,,2.77,0,24.1,0,87,44.7,0,0
Gurgaon,MG Road Gurgaon,family,10,Zorro - The Luxury Night Club,night_club,4.4,3554,,1.99,0,23.8,0,74,60.1,0,0
Gurgaon,MG Road Gurgaon,family,11,Cyber Hub Social,restaurant,4.3,12069,PRICE_LEVEL_EXPENSIVE,1.96,0,23.4,0,71.5,60.9,0,0
Gurgaon,MG Road Gurgaon,family,12,OM Sweets,confectionery,4.2,19557,PRICE_LEVEL_MODERATE,3.26,0,23.3,0,67.8,34.9,30,0
Gurgaon,MG Road Gurgaon,family,13,Ebowla club & byob,restaurant,3.9,4010,PRICE_LEVEL_MODERATE,2.62,0,22.9,0,56.4,47.6,30,0
Gurgaon,MG Road Gurgaon,family,14,The Palms Town & Country Club,hotel,4.2,4065,,2.11,0,22.1,0,67.1,57.9,0,0
Gurgaon,MG Road Gurgaon,family,15,32nd Avenue,tourist_attraction,4.6,28191,PRICE_LEVEL_EXPENSIVE,3.53,0,21.1,0,83.6,29.3,0,0
Gurgaon,MG Road Gurgaon,family,16,Gymkhana Club,association_or_organization,4.1,884,,2.29,0,20.6,0,62.6,54.1,0,0
Gurgaon,MG Road Gurgaon,family,17,BEGETERRE - A MUSEUM THEMED RESTAURANT,restaurant,4.5,1070,,3.14,0,20.3,0,73.6,37.1,0,0
Gurgaon,MG Road Gurgaon,family,18,Open Tap,brewpub,4.4,4360,PRICE_LEVEL_EXPENSIVE,3.86,0,18.3,0,74.4,22.7,0,0
Gurgaon,MG Road Gurgaon,family,19,COVAH The Cavern,bar,4,684,,3.12,0,17.6,0,60,37.6,0,0
Gurgaon,MG Road Gurgaon,family,20,Star Mall,shopping_mall,4,9682,,3.35,0,17,0,60,33,0,0
Gurgaon,MG Road Gurgaon,friends,1,32nd Avenue,tourist_attraction,4.6,28191,PRICE_LEVEL_EXPENSIVE,3.53,5,69.6,100,83.6,29.3,30,40
Gurgaon,MG Road Gurgaon,friends,2,Zorro - The Luxury Night Club,night_club,4.4,3554,,1.99,0,34.3,0,74,60.1,70,0
Gurgaon,MG Road Gurgaon,friends,3,COVAH The Cavern,bar,4,684,,3.12,0,28.1,0,60,37.6,70,0
Gurgaon,MG Road Gurgaon,friends,4,Cyber Hub Social,restaurant,4.3,12069,PRICE_LEVEL_EXPENSIVE,1.96,0,27.9,0,71.5,60.9,30,0
Gurgaon,MG Road Gurgaon,friends,5,"Bikanervala | Sector 29, Gurugram",family_restaurant,4.2,15049,PRICE_LEVEL_MODERATE,2.00,0,27,0,67.7,60,30,0
Gurgaon,MG Road Gurgaon,friends,6,HUDA city center,shopping_mall,4.4,1501,PRICE_LEVEL_MODERATE,2.32,0,26.9,0,72,53.6,30,0
Gurgaon,MG Road Gurgaon,friends,7,Jalsa Restaurant,tibetan_restaurant,4.1,5307,PRICE_LEVEL_MODERATE,1.89,0,26.6,0,63.7,62.2,30,0
Gurgaon,MG Road Gurgaon,friends,8,The Buck Stops Here,bar_and_grill,4.2,5941,PRICE_LEVEL_MODERATE,2.23,0,26.3,0,67.4,55.5,30,0
Gurgaon,MG Road Gurgaon,friends,9,Haldiram's - Gurugram Sector 29,restaurant,4.2,5641,PRICE_LEVEL_MODERATE,2.27,0,26.2,0,67.3,54.7,30,0
Gurgaon,MG Road Gurgaon,friends,10,"The Oberoi, Gurgaon",hotel,4.7,14083,,2.77,0,24.1,0,87,44.7,0,0
Gurgaon,MG Road Gurgaon,friends,11,ReSet By Plan B - Sector 42,fast_food_restaurant,4.2,5669,PRICE_LEVEL_MODERATE,2.98,0,24,0,67.4,40.4,30,0
Gurgaon,MG Road Gurgaon,friends,12,Hamoni: Cafe by the Greens,cafe,4.4,3113,PRICE_LEVEL_MODERATE,3.58,0,23.5,0,73.8,28.4,30,0
Gurgaon,MG Road Gurgaon,friends,13,OM Sweets,confectionery,4.2,19557,PRICE_LEVEL_MODERATE,3.26,0,23.3,0,67.8,34.9,30,0
Gurgaon,MG Road Gurgaon,friends,14,Ebowla club & byob,restaurant,3.9,4010,PRICE_LEVEL_MODERATE,2.62,0,22.9,0,56.4,47.6,30,0
Gurgaon,MG Road Gurgaon,friends,15,Open Tap,brewpub,4.4,4360,PRICE_LEVEL_EXPENSIVE,3.86,0,22.8,0,74.4,22.7,30,0
Gurgaon,MG Road Gurgaon,friends,16,The Palms Town & Country Club,hotel,4.2,4065,,2.11,0,22.1,0,67.1,57.9,0,0
Gurgaon,MG Road Gurgaon,friends,17,Gymkhana Club,association_or_organization,4.1,884,,2.29,0,20.6,0,62.6,54.1,0,0
Gurgaon,MG Road Gurgaon,friends,18,BEGETERRE - A MUSEUM THEMED RESTAURANT,restaurant,4.5,1070,,3.14,0,20.3,0,73.6,37.1,0,0
Gurgaon,MG Road Gurgaon,friends,19,Star Mall,shopping_mall,4,9682,,3.35,0,17,0,60,33,0,0
Gurgaon,MG Road Gurgaon,friends,20,The Big Tree Cafe Golf Course Road | Big Tree Cafe,cafe,4.5,4475,,4.81,0,16.2,0,78,3.8,0,0
Gurgaon,Sohna Road,date_night,1,Shriram Dhaba,north_indian_restaurant,4.1,26379,PRICE_LEVEL_MODERATE,0.40,5,78.1,100,63.9,92,30,70
Gurgaon,Sohna Road,date_night,2,McDonald's,restaurant,4.3,3550,PRICE_LEVEL_MODERATE,1.13,5,77.2,100,70.5,77.5,30,70
Gurgaon,Sohna Road,date_night,3,McDonald's,fast_food_restaurant,4.3,5865,PRICE_LEVEL_MODERATE,1.57,5,76,100,71.1,68.6,30,70
Gurgaon,Sohna Road,date_night,4,The Barbeque Times,buffet_restaurant,4.2,7392,PRICE_LEVEL_MODERATE,2.74,5,71.8,100,67.5,45.1,30,70
Gurgaon,Sohna Road,date_night,5,Naivedyam,south_indian_restaurant,4.3,7063,PRICE_LEVEL_MODERATE,0.85,2,51.2,40,71.2,83.1,30,40
Gurgaon,Sohna Road,date_night,6,V Club,association_or_organization,4.3,3080,,0.29,1,46.2,20,70.3,94.3,0,100
Gurgaon,Sohna Road,date_night,7,Alivaa Hotel Gurugram Sohna Road City Center,hotel,4.3,218,,1.22,1,42.1,20,63.6,75.6,0,100
Gurgaon,Sohna Road,date_night,8,Ha Cha,bar,3.7,1609,PRICE_LEVEL_EXPENSIVE,1.31,1,37.7,20,50.8,73.7,30,40
Gurgaon,Sohna Road,date_night,9,Open Tap,brewpub,4.4,5999,PRICE_LEVEL_MODERATE,0.51,0,32.9,0,74.8,89.7,30,0
Gurgaon,Sohna Road,date_night,10,IFC Social,restaurant,4.4,3338,PRICE_LEVEL_EXPENSIVE,1.76,0,29,0,73.9,64.7,30,0
Gurgaon,Sohna Road,date_night,11,Pizzeria da Susy,pizza_restaurant,4.3,1958,,1.82,0,23.5,0,69.6,63.7,0,0
Gurgaon,Sohna Road,date_night,12,"OM Sweets, Sector 46, Gurugram",confectionery,4.2,6618,PRICE_LEVEL_MODERATE,3.46,0,22.6,0,67.4,30.9,30,0
Gurgaon,Sohna Road,date_night,13,ROOM XO Gurgaon,night_club,3.7,252,,2.02,0,20.2,0,56,59.7,0,0
Gurgaon,Sohna Road,date_night,14,Bikanervala | Sector 57 Gurugram,family_restaurant,4.2,3700,PRICE_LEVEL_MODERATE,4.45,0,19.6,0,67,11,30,0
Gurgaon,Sohna Road,date_night,15,Imperfecto Patio,pub,4,2156,,2.74,0,18.8,0,60,45.1,0,0
Gurgaon,Sohna Road,date_night,16,"OM Sweets, Sector 10, Gurugram",candy_store,4.2,6390,PRICE_LEVEL_MODERATE,4.84,0,18.5,0,67.4,3.3,30,0
Gurgaon,Sohna Road,date_night,17,Dakotta - BYOB & Kitchen,bar_and_grill,3.9,1444,PRICE_LEVEL_MODERATE,4.20,0,18.3,0,57,16.1,30,0
Gurgaon,Sohna Road,date_night,18,Shree Ram Dhaba,indian_restaurant,4.2,424,,3.49,0,17.3,0,63.7,30.1,0,0
Gurgaon,Sohna Road,date_night,19,"Lemon Tree Hotel, Sohna Road, Sector 68, Gurgaon",hotel,4.2,2872,,4.48,0,14.9,0,66.8,10.4,0,0
Gurgaon,Sohna Road,date_night,20,Rajeev chowk Shop,restaurant,4.3,440,,4.42,0,14.9,0,65.6,11.6,0,0
Gurgaon,Sohna Road,family,1,Shriram Dhaba,north_indian_restaurant,4.1,26379,PRICE_LEVEL_MODERATE,0.40,5,88.6,100,63.9,92,100,70
Gurgaon,Sohna Road,family,2,McDonald's,fast_food_restaurant,4.3,5865,PRICE_LEVEL_MODERATE,1.57,5,86.5,100,71.1,68.6,100,70
Gurgaon,Sohna Road,family,3,The Barbeque Times,buffet_restaurant,4.2,7392,PRICE_LEVEL_MODERATE,2.74,5,82.3,100,67.5,45.1,100,70
Gurgaon,Sohna Road,family,4,McDonald's,restaurant,4.3,3550,PRICE_LEVEL_MODERATE,1.13,5,77.2,100,70.5,77.5,30,70
Gurgaon,Sohna Road,family,5,Naivedyam,south_indian_restaurant,4.3,7063,PRICE_LEVEL_MODERATE,0.85,2,61.7,40,71.2,83.1,100,40
Gurgaon,Sohna Road,family,6,V Club,association_or_organization,4.3,3080,,0.29,1,46.2,20,70.3,94.3,0,100
Gurgaon,Sohna Road,family,7,Pizzeria da Susy,pizza_restaurant,4.3,1958,,1.82,0,34,0,69.6,63.7,70,0
Gurgaon,Sohna Road,family,8,Open Tap,brewpub,4.4,5999,PRICE_LEVEL_MODERATE,0.51,0,32.9,0,74.8,89.7,30,0
Gurgaon,Sohna Road,family,9,Shree Ram Dhaba,indian_restaurant,4.2,424,,3.49,0,27.8,0,63.7,30.1,70,0
Gurgaon,Sohna Road,family,10,IFC Social,restaurant,4.4,3338,PRICE_LEVEL_EXPENSIVE,1.76,0,24.5,0,73.9,64.7,0,0
Gurgaon,Sohna Road,family,11,Alivaa Hotel Gurugram Sohna Road City Center,hotel,4.3,218,,1.22,0,24.1,0,63.6,75.6,0,0
Gurgaon,Sohna Road,family,12,"OM Sweets, Sector 46, Gurugram",confectionery,4.2,6618,PRICE_LEVEL_MODERATE,3.46,0,22.6,0,67.4,30.9,30,0
Gurgaon,Sohna Road,family,13,Ha Cha,bar,3.7,1609,PRICE_LEVEL_EXPENSIVE,1.31,0,21.2,0,50.8,73.7,0,0
Gurgaon,Sohna Road,family,14,ROOM XO Gurgaon,night_club,3.7,252,,2.02,0,20.2,0,56,59.7,0,0
Gurgaon,Sohna Road,family,15,Bikanervala | Sector 57 Gurugram,family_restaurant,4.2,3700,PRICE_LEVEL_MODERATE,4.45,0,19.6,0,67,11,30,0
Gurgaon,Sohna Road,family,16,Imperfecto Patio,pub,4,2156,,2.74,0,18.8,0,60,45.1,0,0
Gurgaon,Sohna Road,family,17,"OM Sweets, Sector 10, Gurugram",candy_store,4.2,6390,PRICE_LEVEL_MODERATE,4.84,0,18.5,0,67.4,3.3,30,0
Gurgaon,Sohna Road,family,18,Dakotta - BYOB & Kitchen,bar_and_grill,3.9,1444,PRICE_LEVEL_MODERATE,4.20,0,18.3,0,57,16.1,30,0
Gurgaon,Sohna Road,family,19,"Lemon Tree Hotel, Sohna Road, Sector 68, Gurgaon",hotel,4.2,2872,,4.48,0,14.9,0,66.8,10.4,0,0
Gurgaon,Sohna Road,family,20,Rajeev chowk Shop,restaurant,4.3,440,,4.42,0,14.9,0,65.6,11.6,0,0
Gurgaon,Sohna Road,friends,1,Shriram Dhaba,north_indian_restaurant,4.1,26379,PRICE_LEVEL_MODERATE,0.40,5,78.1,100,63.9,92,30,70
Gurgaon,Sohna Road,friends,2,McDonald's,restaurant,4.3,3550,PRICE_LEVEL_MODERATE,1.13,5,77.2,100,70.5,77.5,30,70
Gurgaon,Sohna Road,friends,3,McDonald's,fast_food_restaurant,4.3,5865,PRICE_LEVEL_MODERATE,1.57,5,76,100,71.1,68.6,30,70
Gurgaon,Sohna Road,friends,4,Naivedyam,south_indian_restaurant,4.3,7063,PRICE_LEVEL_MODERATE,0.85,2,51.2,40,71.2,83.1,30,40
Gurgaon,Sohna Road,friends,5,Ha Cha,bar,3.7,1609,PRICE_LEVEL_EXPENSIVE,1.31,1,48.2,20,50.8,73.7,100,40
Gurgaon,Sohna Road,friends,6,V Club,association_or_organization,4.3,3080,,0.29,1,46.2,20,70.3,94.3,0,100
Gurgaon,Sohna Road,friends,7,Open Tap,brewpub,4.4,5999,PRICE_LEVEL_MODERATE,0.51,0,32.9,0,74.8,89.7,30,0
Gurgaon,Sohna Road,friends,8,ROOM XO Gurgaon,night_club,3.7,252,,2.02,0,30.7,0,56,59.7,70,0
Gurgaon,Sohna Road,friends,9,Imperfecto Patio,pub,4,2156,,2.74,0,29.3,0,60,45.1,70,0
Gurgaon,Sohna Road,friends,10,IFC Social,restaurant,4.4,3338,PRICE_LEVEL_EXPENSIVE,1.76,0,29,0,73.9,64.7,30,0
Gurgaon,Sohna Road,friends,11,The Barbeque Times,buffet_restaurant,4.2,7392,PRICE_LEVEL_MODERATE,2.74,0,24.8,0,67.5,45.1,30,0
Gurgaon,Sohna Road,friends,12,Alivaa Hotel Gurugram Sohna Road City Center,hotel,4.3,218,,1.22,0,24.1,0,63.6,75.6,0,0
Gurgaon,Sohna Road,friends,13,Pizzeria da Susy,pizza_restaurant,4.3,1958,,1.82,0,23.5,0,69.6,63.7,0,0
Gurgaon,Sohna Road,friends,14,"OM Sweets, Sector 46, Gurugram",confectionery,4.2,6618,PRICE_LEVEL_MODERATE,3.46,0,22.6,0,67.4,30.9,30,0
Gurgaon,Sohna Road,friends,15,Bikanervala | Sector 57 Gurugram,family_restaurant,4.2,3700,PRICE_LEVEL_MODERATE,4.45,0,19.6,0,67,11,30,0
Gurgaon,Sohna Road,friends,16,"OM Sweets, Sector 10, Gurugram",candy_store,4.2,6390,PRICE_LEVEL_MODERATE,4.84,0,18.5,0,67.4,3.3,30,0
Gurgaon,Sohna Road,friends,17,Dakotta - BYOB & Kitchen,bar_and_grill,3.9,1444,PRICE_LEVEL_MODERATE,4.20,0,18.3,0,57,16.1,30,0
Gurgaon,Sohna Road,friends,18,Shree Ram Dhaba,indian_restaurant,4.2,424,,3.49,0,17.3,0,63.7,30.1,0,0
Gurgaon,Sohna Road,friends,19,"Lemon Tree Hotel, Sohna Road, Sector 68, Gurgaon",hotel,4.2,2872,,4.48,0,14.9,0,66.8,10.4,0,0
Gurgaon,Sohna Road,friends,20,Rajeev chowk Shop,restaurant,4.3,440,,4.42,0,14.9,0,65.6,11.6,0,0
Gurgaon,DLF Phase 1,date_night,1,BEGETERRE - A MUSEUM THEMED RESTAURANT,restaurant,4.5,1070,,2.31,5,66.8,100,73.6,53.7,0,40
Gurgaon,DLF Phase 1,date_night,2,Jalsa Restaurant,tibetan_restaurant,4.1,5307,PRICE_LEVEL_MODERATE,1.24,0,28.5,0,63.7,75.1,30,0
Gurgaon,DLF Phase 1,date_night,3,Pizzeria da Susy,italian_restaurant,4.4,1966,PRICE_LEVEL_MODERATE,2.08,0,27.8,0,72.8,58.5,30,0
Gurgaon,DLF Phase 1,date_night,4,Comorin,indian_restaurant,4.5,3699,PRICE_LEVEL_VERY_EXPENSIVE,2.65,0,27.1,0,77.6,47,30,0
Gurgaon,DLF Phase 1,date_night,5,ReSet By Plan B - Sector 42,fast_food_restaurant,4.2,5669,PRICE_LEVEL_MODERATE,2.05,0,26.8,0,67.4,59.1,30,0
Gurgaon,DLF Phase 1,date_night,6,Cyber Hub Social,restaurant,4.3,12069,PRICE_LEVEL_EXPENSIVE,2.65,0,25.9,0,71.5,47,30,0
Gurgaon,DLF Phase 1,date_night,7,Open Tap,brewpub,4.4,4360,PRICE_LEVEL_EXPENSIVE,2.94,0,25.6,0,74.4,41.3,30,0
Gurgaon,DLF Phase 1,date_night,8,The Buck Stops Here,bar_and_grill,4.2,5941,PRICE_LEVEL_MODERATE,2.87,0,24.4,0,67.4,42.7,30,0
Gurgaon,DLF Phase 1,date_night,9,HUDA city center,shopping_mall,4.4,1501,PRICE_LEVEL_MODERATE,3.40,0,23.7,0,72,32,30,0
Gurgaon,DLF Phase 1,date_night,10,Roots - Cafe in the Park,cafe,4.3,6001,PRICE_LEVEL_MODERATE,3.44,0,23.4,0,71.1,31.2,30,0
Gurgaon,DLF Phase 1,date_night,11,"The Oberoi, Gurgaon",hotel,4.7,14083,,3.43,0,22.1,0,87,31.3,0,0
Gurgaon,DLF Phase 1,date_night,12,Haldiram's - Gurugram Sector 29,restaurant,4.2,5641,PRICE_LEVEL_MODERATE,3.89,0,21.3,0,67.3,22.2,30,0
Gurgaon,DLF Phase 1,date_night,13,"Bikanervala | Sector 29, Gurugram",family_restaurant,4.2,15049,PRICE_LEVEL_MODERATE,3.97,0,21.1,0,67.7,20.6,30,0
Gurgaon,DLF Phase 1,date_night,14,COVAH The Cavern,bar,4,684,,2.30,0,20.1,0,60,54,0,0
Gurgaon,DLF Phase 1,date_night,15,The Palms Town & Country Club,hotel,4.2,4065,,2.98,0,19.5,0,67.1,40.3,0,0
Gurgaon,DLF Phase 1,date_night,16,The Big Tree Cafe Golf Course Road | Big Tree Cafe,cafe,4.5,4475,,3.79,0,19.2,0,78,24.2,0,0
Gurgaon,DLF Phase 1,date_night,17,Zorro - The Luxury Night Club,night_club,4.4,3554,,3.96,0,17.9,0,74,20.9,0,0
Gurgaon,DLF Phase 1,date_night,18,Ebowla club & byob,restaurant,3.9,4010,PRICE_LEVEL_MODERATE,4.56,0,17.1,0,56.4,8.9,30,0
Gurgaon,DLF Phase 1,date_night,19,"Lemon Tree Premier, Leisure Valley 2, Gurugram",hotel,4.1,4334,,3.76,0,16.4,0,63.6,24.8,0,0
Gurgaon,DLF Phase 1,date_night,20,Gymkhana Club,association_or_organization,4.1,884,,4.15,0,15.1,0,62.6,17,0,0
Gurgaon,DLF Phase 1,family,1,The Big Tree Cafe Golf Course Road | Big Tree Cafe,cafe,4.5,4475,,3.79,5,76.7,100,78,24.2,70,70
Gurgaon,DLF Phase 1,family,2,BEGETERRE - A MUSEUM THEMED RESTAURANT,restaurant,4.5,1070,,2.31,5,66.8,100,73.6,53.7,0,40
Gurgaon,DLF Phase 1,family,3,ReSet By Plan B - Sector 42,fast_food_restaurant,4.2,5669,PRICE_LEVEL_MODERATE,2.05,0,37.3,0,67.4,59.1,100,0
Gurgaon,DLF Phase 1,family,4,Roots - Cafe in the Park,cafe,4.3,6001,PRICE_LEVEL_MODERATE,3.44,0,33.9,0,71.1,31.2,100,0
Gurgaon,DLF Phase 1,family,5,Comorin,indian_restaurant,4.5,3699,PRICE_LEVEL_VERY_EXPENSIVE,2.65,0,33.1,0,77.6,47,70,0
Gurgaon,DLF Phase 1,family,6,Jalsa Restaurant,tibetan_restaurant,4.1,5307,PRICE_LEVEL_MODERATE,1.24,0,28.5,0,63.7,75.1,30,0
Gurgaon,DLF Phase 1,family,7,Pizzeria da Susy,italian_restaurant,4.4,1966,PRICE_LEVEL_MODERATE,2.08,0,27.8,0,72.8,58.5,30,0
Gurgaon,DLF Phase 1,family,8,The Buck Stops Here,bar_and_grill,4.2,5941,PRICE_LEVEL_MODERATE,2.87,0,24.4,0,67.4,42.7,30,0
Gurgaon,DLF Phase 1,family,9,HUDA city center,shopping_mall,4.4,1501,PRICE_LEVEL_MODERATE,3.40,0,23.7,0,72,32,30,0
Gurgaon,DLF Phase 1,family,10,"The Oberoi, Gurgaon",hotel,4.7,14083,,3.43,0,22.1,0,87,31.3,0,0
Gurgaon,DLF Phase 1,family,11,Cyber Hub Social,restaurant,4.3,12069,PRICE_LEVEL_EXPENSIVE,2.65,0,21.4,0,71.5,47,0,0
Gurgaon,DLF Phase 1,family,12,Haldiram's - Gurugram Sector 29,restaurant,4.2,5641,PRICE_LEVEL_MODERATE,3.89,0,21.3,0,67.3,22.2,30,0
Gurgaon,DLF Phase 1,family,13,"Bikanervala | Sector 29, Gurugram",family_restaurant,4.2,15049,PRICE_LEVEL_MODERATE,3.97,0,21.1,0,67.7,20.6,30,0
Gurgaon,DLF Phase 1,family,14,Open Tap,brewpub,4.4,4360,PRICE_LEVEL_EXPENSIVE,2.94,0,21.1,0,74.4,41.3,0,0
Gurgaon,DLF Phase 1,family,15,COVAH The Cavern,bar,4,684,,2.30,0,20.1,0,60,54,0,0
Gurgaon,DLF Phase 1,family,16,The Palms Town & Country Club,hotel,4.2,4065,,2.98,0,19.5,0,67.1,40.3,0,0
Gurgaon,DLF Phase 1,family,17,Zorro - The Luxury Night Club,night_club,4.4,3554,,3.96,0,17.9,0,74,20.9,0,0
Gurgaon,DLF Phase 1,family,18,Ebowla club & byob,restaurant,3.9,4010,PRICE_LEVEL_MODERATE,4.56,0,17.1,0,56.4,8.9,30,0
Gurgaon,DLF Phase 1,family,19,"Lemon Tree Premier, Leisure Valley 2, Gurugram",hotel,4.1,4334,,3.76,0,16.4,0,63.6,24.8,0,0
Gurgaon,DLF Phase 1,family,20,Gymkhana Club,association_or_organization,4.1,884,,4.15,0,15.1,0,62.6,17,0,0
Gurgaon,DLF Phase 1,friends,1,COVAH The Cavern,bar,4,684,,2.30,0,30.6,0,60,54,70,0
Gurgaon,DLF Phase 1,friends,2,Jalsa Restaurant,tibetan_restaurant,4.1,5307,PRICE_LEVEL_MODERATE,1.24,0,28.5,0,63.7,75.1,30,0
Gurgaon,DLF Phase 1,friends,3,Zorro - The Luxury Night Club,night_club,4.4,3554,,3.96,0,28.4,0,74,20.9,70,0
Gurgaon,DLF Phase 1,friends,4,Pizzeria da Susy,italian_restaurant,4.4,1966,PRICE_LEVEL_MODERATE,2.08,0,27.8,0,72.8,58.5,30,0
Gurgaon,DLF Phase 1,friends,5,ReSet By Plan B - Sector 42,fast_food_restaurant,4.2,5669,PRICE_LEVEL_MODERATE,2.05,0,26.8,0,67.4,59.1,30,0
Gurgaon,DLF Phase 1,friends,6,Cyber Hub Social,restaurant,4.3,12069,PRICE_LEVEL_EXPENSIVE,2.65,0,25.9,0,71.5,47,30,0
Gurgaon,DLF Phase 1,friends,7,Open Tap,brewpub,4.4,4360,PRICE_LEVEL_EXPENSIVE,2.94,0,25.6,0,74.4,41.3,30,0
Gurgaon,DLF Phase 1,friends,8,The Buck Stops Here,bar_and_grill,4.2,5941,PRICE_LEVEL_MODERATE,2.87,0,24.4,0,67.4,42.7,30,0
Gurgaon,DLF Phase 1,friends,9,HUDA city center,shopping_mall,4.4,1501,PRICE_LEVEL_MODERATE,3.40,0,23.7,0,72,32,30,0
Gurgaon,DLF Phase 1,friends,10,Roots - Cafe in the Park,cafe,4.3,6001,PRICE_LEVEL_MODERATE,3.44,0,23.4,0,71.1,31.2,30,0
Gurgaon,DLF Phase 1,friends,11,BEGETERRE - A MUSEUM THEMED RESTAURANT,restaurant,4.5,1070,,2.31,0,22.8,0,73.6,53.7,0,0
Gurgaon,DLF Phase 1,friends,12,Comorin,indian_restaurant,4.5,3699,PRICE_LEVEL_VERY_EXPENSIVE,2.65,0,22.6,0,77.6,47,0,0
Gurgaon,DLF Phase 1,friends,13,"The Oberoi, Gurgaon",hotel,4.7,14083,,3.43,0,22.1,0,87,31.3,0,0
Gurgaon,DLF Phase 1,friends,14,Haldiram's - Gurugram Sector 29,restaurant,4.2,5641,PRICE_LEVEL_MODERATE,3.89,0,21.3,0,67.3,22.2,30,0
Gurgaon,DLF Phase 1,friends,15,"Bikanervala | Sector 29, Gurugram",family_restaurant,4.2,15049,PRICE_LEVEL_MODERATE,3.97,0,21.1,0,67.7,20.6,30,0
Gurgaon,DLF Phase 1,friends,16,The Palms Town & Country Club,hotel,4.2,4065,,2.98,0,19.5,0,67.1,40.3,0,0
Gurgaon,DLF Phase 1,friends,17,The Big Tree Cafe Golf Course Road | Big Tree Cafe,cafe,4.5,4475,,3.79,0,19.2,0,78,24.2,0,0
Gurgaon,DLF Phase 1,friends,18,Ebowla club & byob,restaurant,3.9,4010,PRICE_LEVEL_MODERATE,4.56,0,17.1,0,56.4,8.9,30,0
Gurgaon,DLF Phase 1,friends,19,"Lemon Tree Premier, Leisure Valley 2, Gurugram",hotel,4.1,4334,,3.76,0,16.4,0,63.6,24.8,0,0
Gurgaon,DLF Phase 1,friends,20,Gymkhana Club,association_or_organization,4.1,884,,4.15,0,15.1,0,62.6,17,0,0
Gurgaon,DLF Phase 3,date_night,1,Cyber Hub Social,restaurant,4.3,12069,PRICE_LEVEL_EXPENSIVE,0.24,0,33.1,0,71.5,95.2,30,0
Gurgaon,DLF Phase 3,date_night,2,The Buck Stops Here,bar_and_grill,4.2,5941,PRICE_LEVEL_MODERATE,0.35,0,31.9,0,67.4,93,30,0
Gurgaon,DLF Phase 3,date_night,3,"The Oberoi, Gurgaon",hotel,4.7,14083,,0.93,0,29.6,0,87,81.4,0,0
Gurgaon,DLF Phase 3,date_night,4,Pizzeria da Susy,italian_restaurant,4.4,1966,PRICE_LEVEL_MODERATE,3.05,0,24.9,0,72.8,39.1,30,0
Gurgaon,DLF Phase 3,date_night,5,Hamoni: Cafe by the Greens,cafe,4.4,3113,PRICE_LEVEL_MODERATE,3.75,0,23,0,73.8,25.1,30,0
Gurgaon,DLF Phase 3,date_night,6,Roots - Cafe in the Park,cafe,4.3,6001,PRICE_LEVEL_MODERATE,3.60,0,22.9,0,71.1,28,30,0
Gurgaon,DLF Phase 3,date_night,7,Jalsa Restaurant,tibetan_restaurant,4.1,5307,PRICE_LEVEL_MODERATE,3.13,0,22.9,0,63.7,37.5,30,0
Gurgaon,DLF Phase 3,date_night,8,"Bikanervala | Sector 29, Gurugram",family_restaurant,4.2,15049,PRICE_LEVEL_MODERATE,3.93,0,21.3,0,67.7,21.5,30,0
Gurgaon,DLF Phase 3,date_night,9,HUDA city center,shopping_mall,4.4,1501,PRICE_LEVEL_MODERATE,4.35,0,20.9,0,72,13.1,30,0
Gurgaon,DLF Phase 3,date_night,10,ReSet By Plan B - Sector 42,fast_food_restaurant,4.2,5669,PRICE_LEVEL_MODERATE,4.27,0,20.2,0,67.4,14.6,30,0
Gurgaon,DLF Phase 3,date_night,11,Haldiram's - Gurugram Sector 29,restaurant,4.2,5641,PRICE_LEVEL_MODERATE,4.30,0,20,0,67.3,13.9,30,0
Gurgaon,DLF Phase 3,date_night,12,OM Sweets,confectionery,4.2,19557,PRICE_LEVEL_MODERATE,4.87,0,18.5,0,67.8,2.6,30,0
Gurgaon,DLF Phase 3,date_night,13,Zorro - The Luxury Night Club,night_club,4.4,3554,,3.92,0,18,0,74,21.5,0,0
Gurgaon,DLF Phase 3,date_night,14,Fun N Food WaterPark,water_park,4.1,14934,,3.42,0,17.5,0,63.9,31.7,0,0
Gurgaon,DLF Phase 3,date_night,15,Ebowla club & byob,restaurant,3.9,4010,PRICE_LEVEL_MODERATE,4.52,0,17.2,0,56.4,9.6,30,0
Gurgaon,DLF Phase 3,date_night,16,BEGETERRE - A MUSEUM THEMED RESTAURANT,restaurant,4.5,1070,,4.50,0,16.2,0,73.6,9.9,0,0
Gurgaon,DLF Phase 3,date_night,17,The Palms Town & Country Club,hotel,4.2,4065,,4.08,0,16.2,0,67.1,18.4,0,0
Gurgaon,DLF Phase 3,date_night,18,"Lemon Tree Premier, Leisure Valley 2, Gurugram",hotel,4.1,4334,,3.94,0,15.9,0,63.6,21.2,0,0
Gurgaon,DLF Phase 3,date_night,19,Gymkhana Club,association_or_organization,4.1,884,,4.26,0,14.7,0,62.6,14.8,0,0
Gurgaon,DLF Phase 3,date_night,20,COVAH The Cavern,bar,4,684,,4.48,0,13.5,0,60,10.3,0,0
Gurgaon,DLF Phase 3,family,1,Hamoni: Cafe by the Greens,cafe,4.4,3113,PRICE_LEVEL_MODERATE,3.75,0,33.5,0,73.8,25.1,100,0
Gurgaon,DLF Phase 3,family,2,Roots - Cafe in the Park,cafe,4.3,6001,PRICE_LEVEL_MODERATE,3.60,0,33.4,0,71.1,28,100,0
Gurgaon,DLF Phase 3,family,3,The Buck Stops Here,bar_and_grill,4.2,5941,PRICE_LEVEL_MODERATE,0.35,0,31.9,0,67.4,93,30,0
Gurgaon,DLF Phase 3,family,4,ReSet By Plan B - Sector 42,fast_food_restaurant,4.2,5669,PRICE_LEVEL_MODERATE,4.27,0,30.7,0,67.4,14.6,100,0
Gurgaon,DLF Phase 3,family,5,"The Oberoi, Gurgaon",hotel,4.7,14083,,0.93,0,29.6,0,87,81.4,0,0
Gurgaon,DLF Phase 3,family,6,Cyber Hub Social,restaurant,4.3,12069,PRICE_LEVEL_EXPENSIVE,0.24,0,28.6,0,71.5,95.2,0,0
Gurgaon,DLF Phase 3,family,7,Pizzeria da Susy,italian_restaurant,4.4,1966,PRICE_LEVEL_MODERATE,3.05,0,24.9,0,72.8,39.1,30,0
Gurgaon,DLF Phase 3,family,8,Jalsa Restaurant,tibetan_restaurant,4.1,5307,PRICE_LEVEL_MODERATE,3.13,0,22.9,0,63.7,37.5,30,0
Gurgaon,DLF Phase 3,family,9,"Bikanervala | Sector 29, Gurugram",family_restaurant,4.2,15049,PRICE_LEVEL_MODERATE,3.93,0,21.3,0,67.7,21.5,30,0
Gurgaon,DLF Phase 3,family,10,HUDA city center,shopping_mall,4.4,1501,PRICE_LEVEL_MODERATE,4.35,0,20.9,0,72,13.1,30,0
Gurgaon,DLF Phase 3,family,11,Haldiram's - Gurugram Sector 29,restaurant,4.2,5641,PRICE_LEVEL_MODERATE,4.30,0,20,0,67.3,13.9,30,0
Gurgaon,DLF Phase 3,family,12,OM Sweets,confectionery,4.2,19557,PRICE_LEVEL_MODERATE,4.87,0,18.5,0,67.8,2.6,30,0
Gurgaon,DLF Phase 3,family,13,Zorro - The Luxury Night Club,night_club,4.4,3554,,3.92,0,18,0,74,21.5,0,0
Gurgaon,DLF Phase 3,family,14,Fun N Food WaterPark,water_park,4.1,14934,,3.42,0,17.5,0,63.9,31.7,0,0
Gurgaon,DLF Phase 3,family,15,Ebowla club & byob,restaurant,3.9,4010,PRICE_LEVEL_MODERATE,4.52,0,17.2,0,56.4,9.6,30,0
Gurgaon,DLF Phase 3,family,16,BEGETERRE - A MUSEUM THEMED RESTAURANT,restaurant,4.5,1070,,4.50,0,16.2,0,73.6,9.9,0,0
Gurgaon,DLF Phase 3,family,17,The Palms Town & Country Club,hotel,4.2,4065,,4.08,0,16.2,0,67.1,18.4,0,0
Gurgaon,DLF Phase 3,family,18,"Lemon Tree Premier, Leisure Valley 2, Gurugram",hotel,4.1,4334,,3.94,0,15.9,0,63.6,21.2,0,0
Gurgaon,DLF Phase 3,family,19,Gymkhana Club,association_or_organization,4.1,884,,4.26,0,14.7,0,62.6,14.8,0,0
Gurgaon,DLF Phase 3,family,20,COVAH The Cavern,bar,4,684,,4.48,0,13.5,0,60,10.3,0,0
Gurgaon,DLF Phase 3,friends,1,Cyber Hub Social,restaurant,4.3,12069,PRICE_LEVEL_EXPENSIVE,0.24,0,33.1,0,71.5,95.2,30,0
Gurgaon,DLF Phase 3,friends,2,The Buck Stops Here,bar_and_grill,4.2,5941,PRICE_LEVEL_MODERATE,0.35,0,31.9,0,67.4,93,30,0
Gurgaon,DLF Phase 3,friends,3,"The Oberoi, Gurgaon",hotel,4.7,14083,,0.93,0,29.6,0,87,81.4,0,0
Gurgaon,DLF Phase 3,friends,4,Zorro - The Luxury Night Club,night_club,4.4,3554,,3.92,0,28.5,0,74,21.5,70,0
Gurgaon,DLF Phase 3,friends,5,Pizzeria da Susy,italian_restaurant,4.4,1966,PRICE_LEVEL_MODERATE,3.05,0,24.9,0,72.8,39.1,30,0
Gurgaon,DLF Phase 3,friends,6,COVAH The Cavern,bar,4,684,,4.48,0,24,0,60,10.3,70,0
Gurgaon,DLF Phase 3,friends,7,Hamoni: Cafe by the Greens,cafe,4.4,3113,PRICE_LEVEL_MODERATE,3.75,0,23,0,73.8,25.1,30,0
Gurgaon,DLF Phase 3,friends,8,Roots - Cafe in the Park,cafe,4.3,6001,PRICE_LEVEL_MODERATE,3.60,0,22.9,0,71.1,28,30,0
Gurgaon,DLF Phase 3,friends,9,Jalsa Restaurant,tibetan_restaurant,4.1,5307,PRICE_LEVEL_MODERATE,3.13,0,22.9,0,63.7,37.5,30,0
Gurgaon,DLF Phase 3,friends,10,"Bikanervala | Sector 29, Gurugram",family_restaurant,4.2,15049,PRICE_LEVEL_MODERATE,3.93,0,21.3,0,67.7,21.5,30,0
Gurgaon,DLF Phase 3,friends,11,HUDA city center,shopping_mall,4.4,1501,PRICE_LEVEL_MODERATE,4.35,0,20.9,0,72,13.1,30,0
Gurgaon,DLF Phase 3,friends,12,ReSet By Plan B - Sector 42,fast_food_restaurant,4.2,5669,PRICE_LEVEL_MODERATE,4.27,0,20.2,0,67.4,14.6,30,0
Gurgaon,DLF Phase 3,friends,13,Haldiram's - Gurugram Sector 29,restaurant,4.2,5641,PRICE_LEVEL_MODERATE,4.30,0,20,0,67.3,13.9,30,0
Gurgaon,DLF Phase 3,friends,14,OM Sweets,confectionery,4.2,19557,PRICE_LEVEL_MODERATE,4.87,0,18.5,0,67.8,2.6,30,0
Gurgaon,DLF Phase 3,friends,15,Fun N Food WaterPark,water_park,4.1,14934,,3.42,0,17.5,0,63.9,31.7,0,0
Gurgaon,DLF Phase 3,friends,16,Ebowla club & byob,restaurant,3.9,4010,PRICE_LEVEL_MODERATE,4.52,0,17.2,0,56.4,9.6,30,0
Gurgaon,DLF Phase 3,friends,17,BEGETERRE - A MUSEUM THEMED RESTAURANT,restaurant,4.5,1070,,4.50,0,16.2,0,73.6,9.9,0,0
Gurgaon,DLF Phase 3,friends,18,The Palms Town & Country Club,hotel,4.2,4065,,4.08,0,16.2,0,67.1,18.4,0,0
Gurgaon,DLF Phase 3,friends,19,"Lemon Tree Premier, Leisure Valley 2, Gurugram",hotel,4.1,4334,,3.94,0,15.9,0,63.6,21.2,0,0
Gurgaon,DLF Phase 3,friends,20,Gymkhana Club,association_or_organization,4.1,884,,4.26,0,14.7,0,62.6,14.8,0,0
Gurgaon,Galleria Market,date_night,1,BEGETERRE - A MUSEUM THEMED RESTAURANT,restaurant,4.5,1070,,1.48,5,69.3,100,73.6,70.5,0,40
Gurgaon,Galleria Market,date_night,2,Jalsa Restaurant,tibetan_restaurant,4.1,5307,PRICE_LEVEL_MODERATE,0.19,0,31.7,0,63.7,96.2,30,0
Gurgaon,Galleria Market,date_night,3,ReSet By Plan B - Sector 42,fast_food_restaurant,4.2,5669,PRICE_LEVEL_MODERATE,1.24,0,29.3,0,67.4,75.2,30,0
Gurgaon,Galleria Market,date_night,4,Open Tap,brewpub,4.4,4360,PRICE_LEVEL_EXPENSIVE,2.19,0,27.8,0,74.4,56.2,30,0
Gurgaon,Galleria Market,date_night,5,HUDA city center,shopping_mall,4.4,1501,PRICE_LEVEL_MODERATE,2.40,0,26.7,0,72,51.9,30,0
Gurgaon,Galleria Market,date_night,6,Roots - Cafe in the Park,cafe,4.3,6001,PRICE_LEVEL_MODERATE,2.67,0,25.7,0,71.1,46.6,30,0
Gurgaon,Galleria Market,date_night,7,Cyber Hub Social,restaurant,4.3,12069,PRICE_LEVEL_EXPENSIVE,3.09,0,24.5,0,71.5,38.3,30,0
Gurgaon,Galleria Market,date_night,8,Haldiram's - Gurugram Sector 29,restaurant,4.2,5641,PRICE_LEVEL_MODERATE,3.00,0,24,0,67.3,40.1,30,0
Gurgaon,Galleria Market,date_night,9,"Bikanervala | Sector 29, Gurugram",family_restaurant,4.2,15049,PRICE_LEVEL_MODERATE,3.21,0,23.4,0,67.7,35.7,30,0
Gurgaon,Galleria Market,date_night,10,The Buck Stops Here,bar_and_grill,4.2,5941,PRICE_LEVEL_MODERATE,3.35,0,22.9,0,67.4,33,30,0
Gurgaon,Galleria Market,date_night,11,32nd Avenue,tourist_attraction,4.6,28191,PRICE_LEVEL_EXPENSIVE,4.49,0,22.8,0,83.6,10.3,30,0
Gurgaon,Galleria Market,date_night,12,COVAH The Cavern,bar,4,684,,1.46,0,22.6,0,60,70.8,0,0
Gurgaon,Galleria Market,date_night,13,The Palms Town & Country Club,hotel,4.2,4065,,1.98,0,22.5,0,67.1,60.5,0,0
Gurgaon,Galleria Market,date_night,14,The Big Tree Cafe Golf Course Road | Big Tree Cafe,cafe,4.5,4475,,3.12,0,21.2,0,78,37.6,0,0
Gurgaon,Galleria Market,date_night,15,"The Oberoi, Gurgaon",hotel,4.7,14083,,3.95,0,20.6,0,87,21,0,0
Gurgaon,Galleria Market,date_night,16,Zorro - The Luxury Night Club,night_club,4.4,3554,,3.20,0,20.2,0,74,36,0,0
Gurgaon,Galleria Market,date_night,17,Ebowla club & byob,restaurant,3.9,4010,PRICE_LEVEL_MODERATE,3.76,0,19.5,0,56.4,24.9,30,0
Gurgaon,Galleria Market,date_night,18,OM Sweets,confectionery,4.2,19557,PRICE_LEVEL_MODERATE,4.71,0,18.9,0,67.8,5.7,30,0
Gurgaon,Galleria Market,date_night,19,Gymkhana Club,association_or_organization,4.1,884,,3.33,0,17.5,0,62.6,33.4,0,0
Gurgaon,Galleria Market,date_night,20,Star Mall,shopping_mall,4,9682,,4.24,0,14.3,0,60,15.2,0,0
Gurgaon,Galleria Market,family,1,The Big Tree Cafe Golf Course Road | Big Tree Cafe,cafe,4.5,4475,,3.12,5,78.7,100,78,37.6,70,70
Gurgaon,Galleria Market,family,2,BEGETERRE - A MUSEUM THEMED RESTAURANT,restaurant,4.5,1070,,1.48,5,69.3,100,73.6,70.5,0,40
Gurgaon,Galleria Market,family,3,ReSet By Plan B - Sector 42,fast_food_restaurant,4.2,5669,PRICE_LEVEL_MODERATE,1.24,0,39.8,0,67.4,75.2,100,0
Gurgaon,Galleria Market,family,4,Roots - Cafe in the Park,cafe,4.3,6001,PRICE_LEVEL_MODERATE,2.67,0,36.2,0,71.1,46.6,100,0
Gurgaon,Galleria Market,family,5,Jalsa Restaurant,tibetan_restaurant,4.1,5307,PRICE_LEVEL_MODERATE,0.19,0,31.7,0,63.7,96.2,30,0
Gurgaon,Galleria Market,family,6,HUDA city center,shopping_mall,4.4,1501,PRICE_LEVEL_MODERATE,2.40,0,26.7,0,72,51.9,30,0
Gurgaon,Galleria Market,family,7,Haldiram's - Gurugram Sector 29,restaurant,4.2,5641,PRICE_LEVEL_MODERATE,3.00,0,24,0,67.3,40.1,30,0
Gurgaon,Galleria Market,family,8,"Bikanervala | Sector 29, Gurugram",family_restaurant,4.2,15049,PRICE_LEVEL_MODERATE,3.21,0,23.4,0,67.7,35.7,30,0
Gurgaon,Galleria Market,family,9,Open Tap,brewpub,4.4,4360,PRICE_LEVEL_EXPENSIVE,2.19,0,23.3,0,74.4,56.2,0,0
Gurgaon,Galleria Market,family,10,The Buck Stops Here,bar_and_grill,4.2,5941,PRICE_LEVEL_MODERATE,3.35,0,22.9,0,67.4,33,30,0
Gurgaon,Galleria Market,family,11,COVAH The Cavern,bar,4,684,,1.46,0,22.6,0,60,70.8,0,0
Gurgaon,Galleria Market,family,12,The Palms Town & Country Club,hotel,4.2,4065,,1.98,0,22.5,0,67.1,60.5,0,0
Gurgaon,Galleria Market,family,13,"The Oberoi, Gurgaon",hotel,4.7,14083,,3.95,0,20.6,0,87,21,0,0
Gurgaon,Galleria Market,family,14,Zorro - The Luxury Night Club,night_club,4.4,3554,,3.20,0,20.2,0,74,36,0,0
Gurgaon,Galleria Market,family,15,Cyber Hub Social,restaurant,4.3,12069,PRICE_LEVEL_EXPENSIVE,3.09,0,20,0,71.5,38.3,0,0
Gurgaon,Galleria Market,family,16,Ebowla club & byob,restaurant,3.9,4010,PRICE_LEVEL_MODERATE,3.76,0,19.5,0,56.4,24.9,30,0
Gurgaon,Galleria Market,family,17,OM Sweets,confectionery,4.2,19557,PRICE_LEVEL_MODERATE,4.71,0,18.9,0,67.8,5.7,30,0
Gurgaon,Galleria Market,family,18,32nd Avenue,tourist_attraction,4.6,28191,PRICE_LEVEL_EXPENSIVE,4.49,0,18.3,0,83.6,10.3,0,0
Gurgaon,Galleria Market,family,19,Gymkhana Club,association_or_organization,4.1,884,,3.33,0,17.5,0,62.6,33.4,0,0
Gurgaon,Galleria Market,family,20,Star Mall,shopping_mall,4,9682,,4.24,0,14.3,0,60,15.2,0,0
Gurgaon,Galleria Market,friends,1,BEGETERRE - A MUSEUM THEMED RESTAURANT,restaurant,4.5,1070,,1.48,5,69.3,100,73.6,70.5,0,40
Gurgaon,Galleria Market,friends,2,COVAH The Cavern,bar,4,684,,1.46,0,33.1,0,60,70.8,70,0
Gurgaon,Galleria Market,friends,3,Jalsa Restaurant,tibetan_restaurant,4.1,5307,PRICE_LEVEL_MODERATE,0.19,0,31.7,0,63.7,96.2,30,0
Gurgaon,Galleria Market,friends,4,Zorro - The Luxury Night Club,night_club,4.4,3554,,3.20,0,30.7,0,74,36,70,0
Gurgaon,Galleria Market,friends,5,ReSet By Plan B - Sector 42,fast_food_restaurant,4.2,5669,PRICE_LEVEL_MODERATE,1.24,0,29.3,0,67.4,75.2,30,0
Gurgaon,Galleria Market,friends,6,Open Tap,brewpub,4.4,4360,PRICE_LEVEL_EXPENSIVE,2.19,0,27.8,0,74.4,56.2,30,0
Gurgaon,Galleria Market,friends,7,HUDA city center,shopping_mall,4.4,1501,PRICE_LEVEL_MODERATE,2.40,0,26.7,0,72,51.9,30,0
Gurgaon,Galleria Market,friends,8,Roots - Cafe in the Park,cafe,4.3,6001,PRICE_LEVEL_MODERATE,2.67,0,25.7,0,71.1,46.6,30,0
Gurgaon,Galleria Market,friends,9,Cyber Hub Social,restaurant,4.3,12069,PRICE_LEVEL_EXPENSIVE,3.09,0,24.5,0,71.5,38.3,30,0
Gurgaon,Galleria Market,friends,10,Haldiram's - Gurugram Sector 29,restaurant,4.2,5641,PRICE_LEVEL_MODERATE,3.00,0,24,0,67.3,40.1,30,0
Gurgaon,Galleria Market,friends,11,"Bikanervala | Sector 29, Gurugram",family_restaurant,4.2,15049,PRICE_LEVEL_MODERATE,3.21,0,23.4,0,67.7,35.7,30,0
Gurgaon,Galleria Market,friends,12,The Buck Stops Here,bar_and_grill,4.2,5941,PRICE_LEVEL_MODERATE,3.35,0,22.9,0,67.4,33,30,0
Gurgaon,Galleria Market,friends,13,32nd Avenue,tourist_attraction,4.6,28191,PRICE_LEVEL_EXPENSIVE,4.49,0,22.8,0,83.6,10.3,30,0
Gurgaon,Galleria Market,friends,14,The Palms Town & Country Club,hotel,4.2,4065,,1.98,0,22.5,0,67.1,60.5,0,0
Gurgaon,Galleria Market,friends,15,The Big Tree Cafe Golf Course Road | Big Tree Cafe,cafe,4.5,4475,,3.12,0,21.2,0,78,37.6,0,0
Gurgaon,Galleria Market,friends,16,"The Oberoi, Gurgaon",hotel,4.7,14083,,3.95,0,20.6,0,87,21,0,0
Gurgaon,Galleria Market,friends,17,Ebowla club & byob,restaurant,3.9,4010,PRICE_LEVEL_MODERATE,3.76,0,19.5,0,56.4,24.9,30,0
Gurgaon,Galleria Market,friends,18,OM Sweets,confectionery,4.2,19557,PRICE_LEVEL_MODERATE,4.71,0,18.9,0,67.8,5.7,30,0
Gurgaon,Galleria Market,friends,19,Gymkhana Club,association_or_organization,4.1,884,,3.33,0,17.5,0,62.6,33.4,0,0
Gurgaon,Galleria Market,friends,20,Star Mall,shopping_mall,4,9682,,4.24,0,14.3,0,60,15.2,0,0
Gurgaon,Sector 14,date_night,1,OM Sweets,confectionery,4.2,19557,PRICE_LEVEL_MODERATE,1.80,5,74.7,100,67.8,64,30,70
Gurgaon,Sector 14,date_night,2,32nd Avenue,tourist_attraction,4.6,28191,PRICE_LEVEL_EXPENSIVE,1.94,5,74.4,100,83.6,61.2,30,40
Gurgaon,Sector 14,date_night,3,Civil Line Wala,north_indian_restaurant,4.2,9033,PRICE_LEVEL_INEXPENSIVE,1.00,5,72.5,100,67.6,79.9,0,70
Gurgaon,Sector 14,date_night,4,Ebowla club & byob,restaurant,3.9,4010,PRICE_LEVEL_MODERATE,2.54,2,46.2,40,56.4,49.2,30,70
Gurgaon,Sector 14,date_night,5,civil line chole bhature,north_indian_restaurant,4,1348,PRICE_LEVEL_MODERATE,1.03,0,28.4,0,60,79.4,30,0
Gurgaon,Sector 14,date_night,6,Carnatic Cafe Gurugram,south_indian_restaurant,4.3,5731,PRICE_LEVEL_MODERATE,1.91,0,28,0,71,61.9,30,0
Gurgaon,Sector 14,date_night,7,"OM, Sweets & Snacks",candy_store,4.2,12093,PRICE_LEVEL_MODERATE,2.41,0,25.8,0,67.7,51.9,30,0
Gurgaon,Sector 14,date_night,8,"Bikanervala | Sector 29, Gurugram",family_restaurant,4.2,15049,PRICE_LEVEL_MODERATE,3.11,0,23.7,0,67.7,37.7,30,0
Gurgaon,Sector 14,date_night,9,Haldiram's - Gurugram Sector 29,restaurant,4.2,5641,PRICE_LEVEL_MODERATE,3.35,0,22.9,0,67.3,33,30,0
Gurgaon,Sector 14,date_night,10,Roots - Cafe in the Park,cafe,4.3,6001,PRICE_LEVEL_MODERATE,3.65,0,22.8,0,71.1,27.1,30,0
Gurgaon,Sector 14,date_night,11,Rajeev chowk Shop,restaurant,4.3,440,,2.21,0,21.5,0,65.6,55.8,0,0
Gurgaon,Sector 14,date_night,12,HUDA city center,shopping_mall,4.4,1501,PRICE_LEVEL_MODERATE,4.17,0,21.4,0,72,16.6,30,0
Gurgaon,Sector 14,date_night,13,Hamoni: Cafe by the Greens,cafe,4.4,3113,PRICE_LEVEL_MODERATE,4.40,0,21,0,73.8,11.9,30,0
Gurgaon,Sector 14,date_night,14,Studio XO Bar,bar,4.1,1843,PRICE_LEVEL_EXPENSIVE,3.72,0,20.9,0,63.1,25.5,30,0
Gurgaon,Sector 14,date_night,15,Zorro - The Luxury Night Club,night_club,4.4,3554,,3.13,0,20.4,0,74,37.5,0,0
Gurgaon,Sector 14,date_night,16,Sector 29 Gurgaon Pubs and Bars,pub,4.4,2568,,3.09,0,20.4,0,73.4,38.2,0,0
Gurgaon,Sector 14,date_night,17,Star Mall,shopping_mall,4,9682,,2.20,0,20.4,0,60,56,0,0
Gurgaon,Sector 14,date_night,18,Gymkhana Club,association_or_organization,4.1,884,,2.97,0,18.6,0,62.6,40.7,0,0
Gurgaon,Sector 14,date_night,19,"Lemon Tree Premier, Leisure Valley 2, Gurugram",hotel,4.1,4334,,3.35,0,17.7,0,63.6,33.1,0,0
Gurgaon,Sector 14,date_night,20,The Palms Town & Country Club,hotel,4.2,4065,,4.56,0,14.7,0,67.1,8.8,0,0
Gurgaon,Sector 14,family,1,Civil Line Wala,north_indian_restaurant,4.2,9033,PRICE_LEVEL_INEXPENSIVE,1.00,5,87.5,100,67.6,79.9,100,70
Gurgaon,Sector 14,family,2,OM Sweets,confectionery,4.2,19557,PRICE_LEVEL_MODERATE,1.80,5,74.7,100,67.8,64,30,70
Gurgaon,Sector 14,family,3,32nd Avenue,tourist_attraction,4.6,28191,PRICE_LEVEL_EXPENSIVE,1.94,5,69.9,100,83.6,61.2,0,40
Gurgaon,Sector 14,family,4,Ebowla club & byob,restaurant,3.9,4010,PRICE_LEVEL_MODERATE,2.54,2,46.2,40,56.4,49.2,30,70
Gurgaon,Sector 14,family,5,civil line chole bhature,north_indian_restaurant,4,1348,PRICE_LEVEL_MODERATE,1.03,0,38.9,0,60,79.4,100,0
Gurgaon,Sector 14,family,6,Carnatic Cafe Gurugram,south_indian_restaurant,4.3,5731,PRICE_LEVEL_MODERATE,1.91,0,38.5,0,71,61.9,100,0
Gurgaon,Sector 14,family,7,Roots - Cafe in the Park,cafe,4.3,6001,PRICE_LEVEL_MODERATE,3.65,0,33.3,0,71.1,27.1,100,0
Gurgaon,Sector 14,family,8,Hamoni: Cafe by the Greens,cafe,4.4,3113,PRICE_LEVEL_MODERATE,4.40,0,31.5,0,73.8,11.9,100,0
Gurgaon,Sector 14,family,9,"OM, Sweets & Snacks",candy_store,4.2,12093,PRICE_LEVEL_MODERATE,2.41,0,25.8,0,67.7,51.9,30,0
Gurgaon,Sector 14,family,10,"Bikanervala | Sector 29, Gurugram",family_restaurant,4.2,15049,PRICE_LEVEL_MODERATE,3.11,0,23.7,0,67.7,37.7,30,0
Gurgaon,Sector 14,family,11,Haldiram's - Gurugram Sector 29,restaurant,4.2,5641,PRICE_LEVEL_MODERATE,3.35,0,22.9,0,67.3,33,30,0
Gurgaon,Sector 14,family,12,Rajeev chowk Shop,restaurant,4.3,440,,2.21,0,21.5,0,65.6,55.8,0,0
Gurgaon,Sector 14,family,13,HUDA city center,shopping_mall,4.4,1501,PRICE_LEVEL_MODERATE,4.17,0,21.4,0,72,16.6,30,0
Gurgaon,Sector 14,family,14,Zorro - The Luxury Night Club,night_club,4.4,3554,,3.13,0,20.4,0,74,37.5,0,0
Gurgaon,Sector 14,family,15,Sector 29 Gurgaon Pubs and Bars,pub,4.4,2568,,3.09,0,20.4,0,73.4,38.2,0,0
Gurgaon,Sector 14,family,16,Star Mall,shopping_mall,4,9682,,2.20,0,20.4,0,60,56,0,0
Gurgaon,Sector 14,family,17,Gymkhana Club,association_or_organization,4.1,884,,2.97,0,18.6,0,62.6,40.7,0,0
Gurgaon,Sector 14,family,18,"Lemon Tree Premier, Leisure Valley 2, Gurugram",hotel,4.1,4334,,3.35,0,17.7,0,63.6,33.1,0,0
Gurgaon,Sector 14,family,19,Studio XO Bar,bar,4.1,1843,PRICE_LEVEL_EXPENSIVE,3.72,0,16.4,0,63.1,25.5,0,0
Gurgaon,Sector 14,family,20,The Palms Town & Country Club,hotel,4.2,4065,,4.56,0,14.7,0,67.1,8.8,0,0
Gurgaon,Sector 14,friends,1,OM Sweets,confectionery,4.2,19557,PRICE_LEVEL_MODERATE,1.80,5,74.7,100,67.8,64,30,70
Gurgaon,Sector 14,friends,2,32nd Avenue,tourist_attraction,4.6,28191,PRICE_LEVEL_EXPENSIVE,1.94,5,74.4,100,83.6,61.2,30,40
Gurgaon,Sector 14,friends,3,Civil Line Wala,north_indian_restaurant,4.2,9033,PRICE_LEVEL_INEXPENSIVE,1.00,5,72.5,100,67.6,79.9,0,70
Gurgaon,Sector 14,friends,4,Studio XO Bar,bar,4.1,1843,PRICE_LEVEL_EXPENSIVE,3.72,0,31.4,0,63.1,25.5,100,0
Gurgaon,Sector 14,friends,5,Zorro - The Luxury Night Club,night_club,4.4,3554,,3.13,0,30.9,0,74,37.5,70,0
Gurgaon,Sector 14,friends,6,Sector 29 Gurgaon Pubs and Bars,pub,4.4,2568,,3.09,0,30.9,0,73.4,38.2,70,0
Gurgaon,Sector 14,friends,7,civil line chole bhature,north_indian_restaurant,4,1348,PRICE_LEVEL_MODERATE,1.03,0,28.4,0,60,79.4,30,0
Gurgaon,Sector 14,friends,8,Carnatic Cafe Gurugram,south_indian_restaurant,4.3,5731,PRICE_LEVEL_MODERATE,1.91,0,28,0,71,61.9,30,0
Gurgaon,Sector 14,friends,9,"OM, Sweets & Snacks",candy_store,4.2,12093,PRICE_LEVEL_MODERATE,2.41,0,25.8,0,67.7,51.9,30,0
Gurgaon,Sector 14,friends,10,"Bikanervala | Sector 29, Gurugram",family_restaurant,4.2,15049,PRICE_LEVEL_MODERATE,3.11,0,23.7,0,67.7,37.7,30,0
Gurgaon,Sector 14,friends,11,Ebowla club & byob,restaurant,3.9,4010,PRICE_LEVEL_MODERATE,2.54,0,23.2,0,56.4,49.2,30,0
Gurgaon,Sector 14,friends,12,Haldiram's - Gurugram Sector 29,restaurant,4.2,5641,PRICE_LEVEL_MODERATE,3.35,0,22.9,0,67.3,33,30,0
Gurgaon,Sector 14,friends,13,Roots - Cafe in the Park,cafe,4.3,6001,PRICE_LEVEL_MODERATE,3.65,0,22.8,0,71.1,27.1,30,0
Gurgaon,Sector 14,friends,14,Rajeev chowk Shop,restaurant,4.3,440,,2.21,0,21.5,0,65.6,55.8,0,0
Gurgaon,Sector 14,friends,15,HUDA city center,shopping_mall,4.4,1501,PRICE_LEVEL_MODERATE,4.17,0,21.4,0,72,16.6,30,0
Gurgaon,Sector 14,friends,16,Hamoni: Cafe by the Greens,cafe,4.4,3113,PRICE_LEVEL_MODERATE,4.40,0,21,0,73.8,11.9,30,0
Gurgaon,Sector 14,friends,17,Star Mall,shopping_mall,4,9682,,2.20,0,20.4,0,60,56,0,0
Gurgaon,Sector 14,friends,18,Gymkhana Club,association_or_organization,4.1,884,,2.97,0,18.6,0,62.6,40.7,0,0
Gurgaon,Sector 14,friends,19,"Lemon Tree Premier, Leisure Valley 2, Gurugram",hotel,4.1,4334,,3.35,0,17.7,0,63.6,33.1,0,0
Gurgaon,Sector 14,friends,20,The Palms Town & Country Club,hotel,4.2,4065,,4.56,0,14.7,0,67.1,8.8,0,0
Gurgaon,Nirvana Country,date_night,1,McDonald's,restaurant,4.3,3550,PRICE_LEVEL_MODERATE,1.66,5,75.6,100,70.5,66.7,30,70
Gurgaon,Nirvana Country,date_night,2,Shriram Dhaba,north_indian_restaurant,4.1,26379,PRICE_LEVEL_MODERATE,1.24,5,75.6,100,63.9,75.2,30,70
Gurgaon,Nirvana Country,date_night,3,The Barbeque Times,buffet_restaurant,4.2,7392,PRICE_LEVEL_MODERATE,1.81,5,74.6,100,67.5,63.7,30,70
Gurgaon,Nirvana Country,date_night,4,V Club,association_or_organization,4.3,3080,,1.65,1,42.1,20,70.3,67,0,100
Gurgaon,Nirvana Country,date_night,5,Ha Cha,bar,3.7,1609,PRICE_LEVEL_EXPENSIVE,0.68,1,39.6,20,50.8,86.4,30,40
Gurgaon,Nirvana Country,date_night,6,IFC Social,restaurant,4.4,3338,PRICE_LEVEL_EXPENSIVE,0.70,0,32.2,0,73.9,86,30,0
Gurgaon,Nirvana Country,date_night,7,Open Tap,brewpub,4.4,5999,PRICE_LEVEL_MODERATE,1.13,0,31.1,0,74.8,77.4,30,0
Gurgaon,Nirvana Country,date_night,8,Pizzeria da Susy,pizza_restaurant,4.3,1958,,0.76,0,26.6,0,69.6,84.8,0,0
Gurgaon,Nirvana Country,date_night,9,"OM Sweets, Sector 46, Gurugram",confectionery,4.2,6618,PRICE_LEVEL_MODERATE,2.69,0,24.9,0,67.4,46.2,30,0
Gurgaon,Nirvana Country,date_night,10,Bikanervala | Sector 57 Gurugram,family_restaurant,4.2,3700,PRICE_LEVEL_MODERATE,3.07,0,23.7,0,67,38.7,30,0
Gurgaon,Nirvana Country,date_night,11,ROOM XO Gurgaon,night_club,3.7,252,,0.89,0,23.5,0,56,82.2,0,0
Gurgaon,Nirvana Country,date_night,12,Bellagio,european_restaurant,4.3,1965,PRICE_LEVEL_VERY_EXPENSIVE,4.72,0,19.3,0,69.6,5.6,30,0
Gurgaon,Nirvana Country,date_night,13,"OM, Sweets & Snacks",candy_store,4.2,12093,PRICE_LEVEL_MODERATE,4.71,0,18.9,0,67.7,5.9,30,0
Gurgaon,Nirvana Country,date_night,14,Dakotta - BYOB & Kitchen,bar_and_grill,3.9,1444,PRICE_LEVEL_MODERATE,4.21,0,18.3,0,57,15.9,30,0
Gurgaon,Nirvana Country,date_night,15,"Lemon Tree Hotel, Sohna Road, Sector 68, Gurgaon",hotel,4.2,2872,,4.48,0,14.9,0,66.8,10.3,0,0
Gurgaon,Nirvana Country,date_night,16,Avatar Gurgaon,night_club,4.3,1175,,4.77,0,14.4,0,68.4,4.6,0,0
Gurgaon,Nirvana Country,date_night,17,Rajeev chowk Shop,restaurant,4.3,440,,4.63,0,14.2,0,65.6,7.5,0,0
Gurgaon,Nirvana Country,date_night,18,"Lemon Tree Hotel, Sector 60 - Gurugram",hotel,4.1,6555,,4.57,0,14,0,63.7,8.6,0,0
Gurgaon,Nirvana Country,date_night,19,JUU JUU,restaurant,4.2,587,,4.80,0,13.5,0,64.3,4,0,0
Gurgaon,Nirvana Country,date_night,20,DONJON,bar_and_grill,3.9,1815,,4.59,0,12.6,0,56.9,8.2,0,0
Gurgaon,Nirvana Country,family,1,Shriram Dhaba,north_indian_restaurant,4.1,26379,PRICE_LEVEL_MODERATE,1.24,5,86.1,100,63.9,75.2,100,70
Gurgaon,Nirvana Country,family,2,The Barbeque Times,buffet_restaurant,4.2,7392,PRICE_LEVEL_MODERATE,1.81,5,85.1,100,67.5,63.7,100,70
Gurgaon,Nirvana Country,family,3,McDonald's,restaurant,4.3,3550,PRICE_LEVEL_MODERATE,1.66,5,75.6,100,70.5,66.7,30,70
Gurgaon,Nirvana Country,family,4,V Club,association_or_organization,4.3,3080,,1.65,1,42.1,20,70.3,67,0,100
Gurgaon,Nirvana Country,family,5,Pizzeria da Susy,pizza_restaurant,4.3,1958,,0.76,0,37.1,0,69.6,84.8,70,0
Gurgaon,Nirvana Country,family,6,Open Tap,brewpub,4.4,5999,PRICE_LEVEL_MODERATE,1.13,0,31.1,0,74.8,77.4,30,0
Gurgaon,Nirvana Country,family,7,IFC Social,restaurant,4.4,3338,PRICE_LEVEL_EXPENSIVE,0.70,0,27.7,0,73.9,86,0,0
Gurgaon,Nirvana Country,family,8,"OM Sweets, Sector 46, Gurugram",confectionery,4.2,6618,PRICE_LEVEL_MODERATE,2.69,0,24.9,0,67.4,46.2,30,0
Gurgaon,Nirvana Country,family,9,Bikanervala | Sector 57 Gurugram,family_restaurant,4.2,3700,PRICE_LEVEL_MODERATE,3.07,0,23.7,0,67,38.7,30,0
Gurgaon,Nirvana Country,family,10,ROOM XO Gurgaon,night_club,3.7,252,,0.89,0,23.5,0,56,82.2,0,0
Gurgaon,Nirvana Country,family,11,Ha Cha,bar,3.7,1609,PRICE_LEVEL_EXPENSIVE,0.68,0,23.1,0,50.8,86.4,0,0
Gurgaon,Nirvana Country,family,12,"OM, Sweets & Snacks",candy_store,4.2,12093,PRICE_LEVEL_MODERATE,4.71,0,18.9,0,67.7,5.9,30,0
Gurgaon,Nirvana Country,family,13,Dakotta - BYOB & Kitchen,bar_and_grill,3.9,1444,PRICE_LEVEL_MODERATE,4.21,0,18.3,0,57,15.9,30,0
Gurgaon,Nirvana Country,family,14,"Lemon Tree Hotel, Sohna Road, Sector 68, Gurgaon",hotel,4.2,2872,,4.48,0,14.9,0,66.8,10.3,0,0
Gurgaon,Nirvana Country,family,15,Bellagio,european_restaurant,4.3,1965,PRICE_LEVEL_VERY_EXPENSIVE,4.72,0,14.8,0,69.6,5.6,0,0
Gurgaon,Nirvana Country,family,16,Avatar Gurgaon,night_club,4.3,1175,,4.77,0,14.4,0,68.4,4.6,0,0
Gurgaon,Nirvana Country,family,17,Rajeev chowk Shop,restaurant,4.3,440,,4.63,0,14.2,0,65.6,7.5,0,0
Gurgaon,Nirvana Country,family,18,"Lemon Tree Hotel, Sector 60 - Gurugram",hotel,4.1,6555,,4.57,0,14,0,63.7,8.6,0,0
Gurgaon,Nirvana Country,family,19,JUU JUU,restaurant,4.2,587,,4.80,0,13.5,0,64.3,4,0,0
Gurgaon,Nirvana Country,family,20,DONJON,bar_and_grill,3.9,1815,,4.59,0,12.6,0,56.9,8.2,0,0
Gurgaon,Nirvana Country,friends,1,McDonald's,restaurant,4.3,3550,PRICE_LEVEL_MODERATE,1.66,5,75.6,100,70.5,66.7,30,70
Gurgaon,Nirvana Country,friends,2,Shriram Dhaba,north_indian_restaurant,4.1,26379,PRICE_LEVEL_MODERATE,1.24,5,75.6,100,63.9,75.2,30,70
Gurgaon,Nirvana Country,friends,3,The Barbeque Times,buffet_restaurant,4.2,7392,PRICE_LEVEL_MODERATE,1.81,5,74.6,100,67.5,63.7,30,70
Gurgaon,Nirvana Country,friends,4,Ha Cha,bar,3.7,1609,PRICE_LEVEL_EXPENSIVE,0.68,1,50.1,20,50.8,86.4,100,40
Gurgaon,Nirvana Country,friends,5,ROOM XO Gurgaon,night_club,3.7,252,,0.89,0,34,0,56,82.2,70,0
Gurgaon,Nirvana Country,friends,6,IFC Social,restaurant,4.4,3338,PRICE_LEVEL_EXPENSIVE,0.70,0,32.2,0,73.9,86,30,0
Gurgaon,Nirvana Country,friends,7,Open Tap,brewpub,4.4,5999,PRICE_LEVEL_MODERATE,1.13,0,31.1,0,74.8,77.4,30,0
Gurgaon,Nirvana Country,friends,8,Pizzeria da Susy,pizza_restaurant,4.3,1958,,0.76,0,26.6,0,69.6,84.8,0,0
Gurgaon,Nirvana Country,friends,9,"OM Sweets, Sector 46, Gurugram",confectionery,4.2,6618,PRICE_LEVEL_MODERATE,2.69,0,24.9,0,67.4,46.2,30,0
Gurgaon,Nirvana Country,friends,10,Avatar Gurgaon,night_club,4.3,1175,,4.77,0,24.9,0,68.4,4.6,70,0
Gurgaon,Nirvana Country,friends,11,V Club,association_or_organization,4.3,3080,,1.65,0,24.1,0,70.3,67,0,0
Gurgaon,Nirvana Country,friends,12,Bikanervala | Sector 57 Gurugram,family_restaurant,4.2,3700,PRICE_LEVEL_MODERATE,3.07,0,23.7,0,67,38.7,30,0
Gurgaon,Nirvana Country,friends,13,"OM, Sweets & Snacks",candy_store,4.2,12093,PRICE_LEVEL_MODERATE,4.71,0,18.9,0,67.7,5.9,30,0
Gurgaon,Nirvana Country,friends,14,Dakotta - BYOB & Kitchen,bar_and_grill,3.9,1444,PRICE_LEVEL_MODERATE,4.21,0,18.3,0,57,15.9,30,0
Gurgaon,Nirvana Country,friends,15,"Lemon Tree Hotel, Sohna Road, Sector 68, Gurgaon",hotel,4.2,2872,,4.48,0,14.9,0,66.8,10.3,0,0
Gurgaon,Nirvana Country,friends,16,Bellagio,european_restaurant,4.3,1965,PRICE_LEVEL_VERY_EXPENSIVE,4.72,0,14.8,0,69.6,5.6,0,0
Gurgaon,Nirvana Country,friends,17,Rajeev chowk Shop,restaurant,4.3,440,,4.63,0,14.2,0,65.6,7.5,0,0
Gurgaon,Nirvana Country,friends,18,"Lemon Tree Hotel, Sector 60 - Gurugram",hotel,4.1,6555,,4.57,0,14,0,63.7,8.6,0,0
Gurgaon,Nirvana Country,friends,19,JUU JUU,restaurant,4.2,587,,4.80,0,13.5,0,64.3,4,0,0
Gurgaon,Nirvana Country,friends,20,DONJON,bar_and_grill,3.9,1815,,4.59,0,12.6,0,56.9,8.2,0,0